Показник,Територіальний розріз,Вид економічної діяльності,Періодичність,Одиниця виміру,Масштабування,Кількість десяткових знаків,Спеціальне значення даних,Примітки набору даних,Примітки спостереження,2016,2017,2018,2019,2020,2021,2022,2023,2024,2025
Витрати на наукові дослідження і розробки,Україна,Дослідження й експериментальні розробки у сфері суспільних і гуманітарних наук,Річна,Гривня,Тисячі,Один,,"1. Розрахунок показників темпів зростання/зниження здійснюється до попереднього року. 2. За 2014-2021 роки дані наведено без урахування тимчасово окупованої території Автономної Республіки Крим, м. Севастополя та частини тимчасово окупованих територій у Донецькій та Луганській областях. Починаючи з І кварталу 2022 року дані наведено без урахування тимчасово окупованих російською федерацією територій та частини територій, на яких ведуться (велися) бойові дії.",,,616196.4,737828.6,890061.4,900483.1,941158.1,910428.3,890686.8,1129866.6,1234251.6
Витрати на наукові дослідження і розробки,Україна,Виробництво комп'ютерів і периферійного устатковання,Річна,Гривня,Тисячі,Один,Явищ не було,"1. Розрахунок показників темпів зростання/зниження здійснюється до попереднього року. 2. За 2014-2021 роки дані наведено без урахування тимчасово окупованої території Автономної Республіки Крим, м. Севастополя та частини тимчасово окупованих територій у Донецькій та Луганській областях. Починаючи з І кварталу 2022 року дані наведено без урахування тимчасово окупованих російською федерацією територій та частини територій, на яких ведуться (велися) бойові дії.",,,,,,,,,,,
Витрати на наукові дослідження і розробки,Україна,"Сільське господарство, лісове господарство та рибне господарство",Річна,Гривня,Тисячі,Один,,"1. Розрахунок показників темпів зростання/зниження здійснюється до попереднього року. 2. За 2014-2021 роки дані наведено без урахування тимчасово окупованої території Автономної Республіки Крим, м. Севастополя та частини тимчасово окупованих територій у Донецькій та Луганській областях. Починаючи з І кварталу 2022 року дані наведено без урахування тимчасово окупованих російською федерацією територій та частини територій, на яких ведуться (велися) бойові дії.",,,27546.9,30263.4,8077.3,34191.3,58200.8,35726.6,47345.9,54431.4,52704.6
Витрати на наукові дослідження і розробки,Україна,Охорона здоров'я,Річна,Гривня,Тисячі,Один,Конфіденційна статистична інформація,"1. Розрахунок показників темпів зростання/зниження здійснюється до попереднього року. 2. За 2014-2021 роки дані наведено без урахування тимчасово окупованої території Автономної Республіки Крим, м. Севастополя та частини тимчасово окупованих територій у Донецькій та Луганській областях. Починаючи з І кварталу 2022 року дані наведено без урахування тимчасово окупованих російською федерацією територій та частини територій, на яких ведуться (велися) бойові дії.","Дані не оприлюднюються з метою виконання вимог Закону України ""Про офіційну статистику"" щодо забезпечення гарантій органів державної статистики щодо статистичної конфіденційності та/або відповідно до Закону України ""Про захист інтересів суб’єктів подання звітності та інших документів у період дії воєнного стану або стану війни"".",,80009.9,118266.3,,154096.8,166087.9,144765.5,140788.2,125702.8,320841.2
Витрати на наукові дослідження і розробки,Україна,"Оптова торгівля, крім торгівлі автотранспортними засобами та мотоциклами",Річна,Гривня,Тисячі,Один,Конфіденційна статистична інформація,"1. Розрахунок показників темпів зростання/зниження здійснюється до попереднього року. 2. За 2014-2021 роки дані наведено без урахування тимчасово окупованої території Автономної Республіки Крим, м. Севастополя та частини тимчасово окупованих територій у Донецькій та Луганській областях. Починаючи з І кварталу 2022 року дані наведено без урахування тимчасово окупованих російською федерацією територій та частини територій, на яких ведуться (велися) бойові дії.","Дані не оприлюднюються з метою виконання вимог Закону України ""Про офіційну статистику"" щодо забезпечення гарантій органів державної статистики щодо статистичної конфіденційності та/або відповідно до Закону України ""Про захист інтересів суб’єктів подання звітності та інших документів у період дії воєнного стану або стану війни"".",,8328.8,2926.4,,,,,,,
Витрати на наукові дослідження і розробки,Україна,Виробництво електричного устатковання,Річна,Гривня,Тисячі,Один,Конфіденційна статистична інформація,"1. Розрахунок показників темпів зростання/зниження здійснюється до попереднього року. 2. За 2014-2021 роки дані наведено без урахування тимчасово окупованої території Автономної Республіки Крим, м. Севастополя та частини тимчасово окупованих територій у Донецькій та Луганській областях. Починаючи з І кварталу 2022 року дані наведено без урахування тимчасово окупованих російською федерацією територій та частини територій, на яких ведуться (велися) бойові дії.","Дані не оприлюднюються з метою виконання вимог Закону України ""Про офіційну статистику"" щодо забезпечення гарантій органів державної статистики щодо статистичної конфіденційності та/або відповідно до Закону України ""Про захист інтересів суб’єктів подання звітності та інших документів у період дії воєнного стану або стану війни"".",,211270.4,247739.6,,,,,,14553.9,
Витрати на наукові дослідження і розробки,Україна,"Виготовлення виробів з деревини, паперу та поліграфічна діяльність",Річна,Гривня,Тисячі,Один,Явищ не було,"1. Розрахунок показників темпів зростання/зниження здійснюється до попереднього року. 2. За 2014-2021 роки дані наведено без урахування тимчасово окупованої території Автономної Республіки Крим, м. Севастополя та частини тимчасово окупованих територій у Донецькій та Луганській областях. Починаючи з І кварталу 2022 року дані наведено без урахування тимчасово окупованих російською федерацією територій та частини територій, на яких ведуться (велися) бойові дії.","Дані не оприлюднюються з метою виконання вимог Закону України ""Про офіційну статистику"" щодо забезпечення гарантій органів державної статистики щодо статистичної конфіденційності та/або відповідно до Закону України ""Про захист інтересів суб’єктів подання звітності та інших документів у період дії воєнного стану або стану війни"".",,,,,,,,,,
Витрати на наукові дослідження і розробки,Україна,Виробництво залізничних локомотивів і рухомого складу,Річна,Гривня,Тисячі,Один,Конфіденційна статистична інформація,"1. Розрахунок показників темпів зростання/зниження здійснюється до попереднього року. 2. За 2014-2021 роки дані наведено без урахування тимчасово окупованої території Автономної Республіки Крим, м. Севастополя та частини тимчасово окупованих територій у Донецькій та Луганській областях. Починаючи з І кварталу 2022 року дані наведено без урахування тимчасово окупованих російською федерацією територій та частини територій, на яких ведуться (велися) бойові дії.","Дані не оприлюднюються з метою виконання вимог Закону України ""Про офіційну статистику"" щодо забезпечення гарантій органів державної статистики щодо статистичної конфіденційності та/або відповідно до Закону України ""Про захист інтересів суб’єктів подання звітності та інших документів у період дії воєнного стану або стану війни"".",,,,,,,,,,
Витрати на наукові дослідження і розробки,Україна,"Виробництво інструментів і обладнання для вимірювання, дослідження та навігації; виробництво годинників",Річна,Гривня,Тисячі,Один,Конфіденційна статистична інформація,"1. Розрахунок показників темпів зростання/зниження здійснюється до попереднього року. 2. За 2014-2021 роки дані наведено без урахування тимчасово окупованої території Автономної Республіки Крим, м. Севастополя та частини тимчасово окупованих територій у Донецькій та Луганській областях. Починаючи з І кварталу 2022 року дані наведено без урахування тимчасово окупованих російською федерацією територій та частини територій, на яких ведуться (велися) бойові дії.","Дані не оприлюднюються з метою виконання вимог Закону України ""Про офіційну статистику"" щодо забезпечення гарантій органів державної статистики щодо статистичної конфіденційності та/або відповідно до Закону України ""Про захист інтересів суб’єктів подання звітності та інших документів у період дії воєнного стану або стану війни"".",,13920.0,53058.0,90861.1,44587.9,,,,,
Витрати на наукові дослідження і розробки,Україна,Виробництво інших транспортних засобів,Річна,Гривня,Тисячі,Один,Конфіденційна статистична інформація,"1. Розрахунок показників темпів зростання/зниження здійснюється до попереднього року. 2. За 2014-2021 роки дані наведено без урахування тимчасово окупованої території Автономної Республіки Крим, м. Севастополя та частини тимчасово окупованих територій у Донецькій та Луганській областях. Починаючи з І кварталу 2022 року дані наведено без урахування тимчасово окупованих російською федерацією територій та частини територій, на яких ведуться (велися) бойові дії.","Дані не оприлюднюються з метою виконання вимог Закону України ""Про офіційну статистику"" щодо забезпечення гарантій органів державної статистики щодо статистичної конфіденційності та/або відповідно до Закону України ""Про захист інтересів суб’єктів подання звітності та інших документів у період дії воєнного стану або стану війни"".",,280870.8,325642.6,262343.8,,,,,,
Витрати на наукові дослідження і розробки,Україна,Будування суден і човнів,Річна,Гривня,Тисячі,Один,Явищ не було,"1. Розрахунок показників темпів зростання/зниження здійснюється до попереднього року. 2. За 2014-2021 роки дані наведено без урахування тимчасово окупованої території Автономної Республіки Крим, м. Севастополя та частини тимчасово окупованих територій у Донецькій та Луганській областях. Починаючи з І кварталу 2022 року дані наведено без урахування тимчасово окупованих російською федерацією територій та частини територій, на яких ведуться (велися) бойові дії.",,,,,,,,,,,
Витрати на наукові дослідження і розробки,Україна,Виробництво хімічних речовин і хімічної продукції,Річна,Гривня,Тисячі,Один,Конфіденційна статистична інформація,"1. Розрахунок показників темпів зростання/зниження здійснюється до попереднього року. 2. За 2014-2021 роки дані наведено без урахування тимчасово окупованої території Автономної Республіки Крим, м. Севастополя та частини тимчасово окупованих територій у Донецькій та Луганській областях. Починаючи з І кварталу 2022 року дані наведено без урахування тимчасово окупованих російською федерацією територій та частини територій, на яких ведуться (велися) бойові дії.","Дані не оприлюднюються з метою виконання вимог Закону України ""Про офіційну статистику"" щодо забезпечення гарантій органів державної статистики щодо статистичної конфіденційності та/або відповідно до Закону України ""Про захист інтересів суб’єктів подання звітності та інших документів у період дії воєнного стану або стану війни"".",,,554006.0,,,,,,,
Витрати на наукові дослідження і розробки,Україна,Телекомунікації (електрозв'язок),Річна,Гривня,Тисячі,Один,Явищ не було,"1. Розрахунок показників темпів зростання/зниження здійснюється до попереднього року. 2. За 2014-2021 роки дані наведено без урахування тимчасово окупованої території Автономної Республіки Крим, м. Севастополя та частини тимчасово окупованих територій у Донецькій та Луганській областях. Починаючи з І кварталу 2022 року дані наведено без урахування тимчасово окупованих російською федерацією територій та частини територій, на яких ведуться (велися) бойові дії.",,,,,,,,,,,
Витрати на наукові дослідження і розробки,Україна,Виробництво військових транспортних засобів,Річна,Гривня,Тисячі,Один,Конфіденційна статистична інформація,"1. Розрахунок показників темпів зростання/зниження здійснюється до попереднього року. 2. За 2014-2021 роки дані наведено без урахування тимчасово окупованої території Автономної Республіки Крим, м. Севастополя та частини тимчасово окупованих територій у Донецькій та Луганській областях. Починаючи з І кварталу 2022 року дані наведено без урахування тимчасово окупованих російською федерацією територій та частини територій, на яких ведуться (велися) бойові дії.","Дані не оприлюднюються з метою виконання вимог Закону України ""Про офіційну статистику"" щодо забезпечення гарантій органів державної статистики щодо статистичної конфіденційності та/або відповідно до Закону України ""Про захист інтересів суб’єктів подання звітності та інших документів у період дії воєнного стану або стану війни"".",,121814.0,107614.0,,,,,,,
Витрати на наукові дослідження і розробки,Україна,Видання програмного забезпечення,Річна,Гривня,Тисячі,Один,Явищ не було,"1. Розрахунок показників темпів зростання/зниження здійснюється до попереднього року. 2. За 2014-2021 роки дані наведено без урахування тимчасово окупованої території Автономної Республіки Крим, м. Севастополя та частини тимчасово окупованих територій у Донецькій та Луганській областях. Починаючи з І кварталу 2022 року дані наведено без урахування тимчасово окупованих російською федерацією територій та частини територій, на яких ведуться (велися) бойові дії.",,,,,,,,,,,
Витрати на наукові дослідження і розробки,Україна,Переробна промисловість,Річна,Гривня,Тисячі,Один,,"1. Розрахунок показників темпів зростання/зниження здійснюється до попереднього року. 2. За 2014-2021 роки дані наведено без урахування тимчасово окупованої території Автономної Республіки Крим, м. Севастополя та частини тимчасово окупованих територій у Донецькій та Луганській областях. Починаючи з І кварталу 2022 року дані наведено без урахування тимчасово окупованих російською федерацією територій та частини територій, на яких ведуться (велися) бойові дії.",,,918496.3,1513365.6,831231.8,607847.7,1228805.9,523433.3,2866427.1,2979581.0,5411617.7
Витрати на наукові дослідження і розробки,Україна,Державне управління й оборона; обов'язкове соціальне страхування,Річна,Гривня,Тисячі,Один,Конфіденційна статистична інформація,"1. Розрахунок показників темпів зростання/зниження здійснюється до попереднього року. 2. За 2014-2021 роки дані наведено без урахування тимчасово окупованої території Автономної Республіки Крим, м. Севастополя та частини тимчасово окупованих територій у Донецькій та Луганській областях. Починаючи з І кварталу 2022 року дані наведено без урахування тимчасово окупованих російською федерацією територій та частини територій, на яких ведуться (велися) бойові дії.","Дані не оприлюднюються з метою виконання вимог Закону України ""Про офіційну статистику"" щодо забезпечення гарантій органів державної статистики щодо статистичної конфіденційності та/або відповідно до Закону України ""Про захист інтересів суб’єктів подання звітності та інших документів у період дії воєнного стану або стану війни"".",,1862.4,3256.3,,,,,,,
Витрати на наукові дослідження і розробки,Україна,Виробництво основних фармацевтичних продуктів і фармацевтичних препаратів,Річна,Гривня,Тисячі,Один,Конфіденційна статистична інформація,"1. Розрахунок показників темпів зростання/зниження здійснюється до попереднього року. 2. За 2014-2021 роки дані наведено без урахування тимчасово окупованої території Автономної Республіки Крим, м. Севастополя та частини тимчасово окупованих територій у Донецькій та Луганській областях. Починаючи з І кварталу 2022 року дані наведено без урахування тимчасово окупованих російською федерацією територій та частини територій, на яких ведуться (велися) бойові дії.","Дані не оприлюднюються з метою виконання вимог Закону України ""Про офіційну статистику"" щодо забезпечення гарантій органів державної статистики щодо статистичної конфіденційності та/або відповідно до Закону України ""Про захист інтересів суб’єктів подання звітності та інших документів у період дії воєнного стану або стану війни"".",,7382.7,6721.2,,,,,,,725002.5
Витрати на наукові дослідження і розробки,Україна,Виробництво меблів,Річна,Гривня,Тисячі,Один,Явищ не було,"1. Розрахунок показників темпів зростання/зниження здійснюється до попереднього року. 2. За 2014-2021 роки дані наведено без урахування тимчасово окупованої території Автономної Республіки Крим, м. Севастополя та частини тимчасово окупованих територій у Донецькій та Луганській областях. Починаючи з І кварталу 2022 року дані наведено без урахування тимчасово окупованих російською федерацією територій та частини територій, на яких ведуться (велися) бойові дії.",,,,,,,,,,,
Витрати на наукові дослідження і розробки,Україна,"Текстильне виробництво, виробництво одягу, шкіри, виробів зі шкіри та інших матеріалів",Річна,Гривня,Тисячі,Один,Явищ не було,"1. Розрахунок показників темпів зростання/зниження здійснюється до попереднього року. 2. За 2014-2021 роки дані наведено без урахування тимчасово окупованої території Автономної Республіки Крим, м. Севастополя та частини тимчасово окупованих територій у Донецькій та Луганській областях. Починаючи з І кварталу 2022 року дані наведено без урахування тимчасово окупованих російською федерацією територій та частини територій, на яких ведуться (велися) бойові дії.",,,,,,,,,,,
Витрати на наукові дослідження і розробки,Україна,Дослідження й експериментальні розробки у сфері природничих і технічних наук,Річна,Гривня,Тисячі,Один,,"1. Розрахунок показників темпів зростання/зниження здійснюється до попереднього року. 2. За 2014-2021 роки дані наведено без урахування тимчасово окупованої території Автономної Республіки Крим, м. Севастополя та частини тимчасово окупованих територій у Донецькій та Луганській областях. Починаючи з І кварталу 2022 року дані наведено без урахування тимчасово окупованих російською федерацією територій та частини територій, на яких ведуться (велися) бойові дії.",,,10404850.9,11606030.5,13116449.9,12590928.6,14726847.4,13806262.6,13167782.0,17179733.2,18645845.1
Витрати на наукові дослідження і розробки,Україна,Діяльність у сферах архітектури та інжинірингу; технічні випробування та дослідження,Річна,Гривня,Тисячі,Один,Конфіденційна статистична інформація,"1. Розрахунок показників темпів зростання/зниження здійснюється до попереднього року. 2. За 2014-2021 роки дані наведено без урахування тимчасово окупованої території Автономної Республіки Крим, м. Севастополя та частини тимчасово окупованих територій у Донецькій та Луганській областях. Починаючи з І кварталу 2022 року дані наведено без урахування тимчасово окупованих російською федерацією територій та частини територій, на яких ведуться (велися) бойові дії.","Дані не оприлюднюються з метою виконання вимог Закону України ""Про офіційну статистику"" щодо забезпечення гарантій органів державної статистики щодо статистичної конфіденційності та/або відповідно до Закону України ""Про захист інтересів суб’єктів подання звітності та інших документів у період дії воєнного стану або стану війни"".",,141933.2,220350.3,,119650.7,135685.7,147894.7,146175.2,345632.8,350646.1
Витрати на наукові дослідження і розробки,Україна,"Виробництво радіологічного, електромедичного й електротерапевтичного устатковання",Річна,Гривня,Тисячі,Один,Явищ не було,"1. Розрахунок показників темпів зростання/зниження здійснюється до попереднього року. 2. За 2014-2021 роки дані наведено без урахування тимчасово окупованої території Автономної Республіки Крим, м. Севастополя та частини тимчасово окупованих територій у Донецькій та Луганській областях. Починаючи з І кварталу 2022 року дані наведено без урахування тимчасово окупованих російською федерацією територій та частини територій, на яких ведуться (велися) бойові дії.",,,,,,,,,,,
Витрати на наукові дослідження і розробки,Україна,"Виробництво комп'ютерів, електронної та оптичної продукції",Річна,Гривня,Тисячі,Один,Конфіденційна статистична інформація,"1. Розрахунок показників темпів зростання/зниження здійснюється до попереднього року. 2. За 2014-2021 роки дані наведено без урахування тимчасово окупованої території Автономної Республіки Крим, м. Севастополя та частини тимчасово окупованих територій у Донецькій та Луганській областях. Починаючи з І кварталу 2022 року дані наведено без урахування тимчасово окупованих російською федерацією територій та частини територій, на яких ведуться (велися) бойові дії.","Дані не оприлюднюються з метою виконання вимог Закону України ""Про офіційну статистику"" щодо забезпечення гарантій органів державної статистики щодо статистичної конфіденційності та/або відповідно до Закону України ""Про захист інтересів суб’єктів подання звітності та інших документів у період дії воєнного стану або стану війни"".",,45484.5,73446.7,90861.1,44587.9,,,,,
Витрати на наукові дослідження і розробки,Україна,Ремонт і монтаж машин і устатковання,Річна,Гривня,Тисячі,Один,Явищ не було,"1. Розрахунок показників темпів зростання/зниження здійснюється до попереднього року. 2. За 2014-2021 роки дані наведено без урахування тимчасово окупованої території Автономної Республіки Крим, м. Севастополя та частини тимчасово окупованих територій у Донецькій та Луганській областях. Починаючи з І кварталу 2022 року дані наведено без урахування тимчасово окупованих російською федерацією територій та частини територій, на яких ведуться (велися) бойові дії.",,,,,,,,,,,
Витрати на наукові дослідження і розробки,Україна,Оптова торгівля інформаційним і комунікаційним устаткованням,Річна,Гривня,Тисячі,Один,Явищ не було,"1. Розрахунок показників темпів зростання/зниження здійснюється до попереднього року. 2. За 2014-2021 роки дані наведено без урахування тимчасово окупованої території Автономної Республіки Крим, м. Севастополя та частини тимчасово окупованих територій у Донецькій та Луганській областях. Починаючи з І кварталу 2022 року дані наведено без урахування тимчасово окупованих російською федерацією територій та частини територій, на яких ведуться (велися) бойові дії.","Дані не оприлюднюються з метою виконання вимог Закону України ""Про офіційну статистику"" щодо забезпечення гарантій органів державної статистики щодо статистичної конфіденційності та/або відповідно до Закону України ""Про захист інтересів суб’єктів подання звітності та інших документів у період дії воєнного стану або стану війни"".",,1987.7,1388.5,,,,,,,
Витрати на наукові дослідження і розробки,Україна,Наукові дослідження та розробки,Річна,Гривня,Тисячі,Один,,"1. Розрахунок показників темпів зростання/зниження здійснюється до попереднього року. 2. За 2014-2021 роки дані наведено без урахування тимчасово окупованої території Автономної Республіки Крим, м. Севастополя та частини тимчасово окупованих територій у Донецькій та Луганській областях. Починаючи з І кварталу 2022 року дані наведено без урахування тимчасово окупованих російською федерацією територій та частини територій, на яких ведуться (велися) бойові дії.",,,11021047.3,12343859.1,14006511.3,13491411.7,15668005.5,14716690.9,14058468.8,18309599.8,19880096.7
Витрати на наукові дослідження і розробки,Україна,"Комп'ютерне програмування, консультування та пов'язана з ними діяльність",Річна,Гривня,Тисячі,Один,Конфіденційна статистична інформація,"1. Розрахунок показників темпів зростання/зниження здійснюється до попереднього року. 2. За 2014-2021 роки дані наведено без урахування тимчасово окупованої території Автономної Республіки Крим, м. Севастополя та частини тимчасово окупованих територій у Донецькій та Луганській областях. Починаючи з І кварталу 2022 року дані наведено без урахування тимчасово окупованих російською федерацією територій та частини територій, на яких ведуться (велися) бойові дії.","Дані не оприлюднюються з метою виконання вимог Закону України ""Про офіційну статистику"" щодо забезпечення гарантій органів державної статистики щодо статистичної конфіденційності та/або відповідно до Закону України ""Про захист інтересів суб’єктів подання звітності та інших документів у період дії воєнного стану або стану війни"".",,31614.2,36274.2,,,,,,,
Витрати на наукові дослідження і розробки,Україна,Виробництво іншої неметалевої мінеральної продукції,Річна,Гривня,Тисячі,Один,Явищ не було,"1. Розрахунок показників темпів зростання/зниження здійснюється до попереднього року. 2. За 2014-2021 роки дані наведено без урахування тимчасово окупованої території Автономної Республіки Крим, м. Севастополя та частини тимчасово окупованих територій у Донецькій та Луганській областях. Починаючи з І кварталу 2022 року дані наведено без урахування тимчасово окупованих російською федерацією територій та частини територій, на яких ведуться (велися) бойові дії.",,,,,,,,,,,
Витрати на наукові дослідження і розробки,Україна,Виробництво оптичних приладів і фотографічного устатковання,Річна,Гривня,Тисячі,Один,Конфіденційна статистична інформація,"1. Розрахунок показників темпів зростання/зниження здійснюється до попереднього року. 2. За 2014-2021 роки дані наведено без урахування тимчасово окупованої території Автономної Республіки Крим, м. Севастополя та частини тимчасово окупованих територій у Донецькій та Луганській областях. Починаючи з І кварталу 2022 року дані наведено без урахування тимчасово окупованих російською федерацією територій та частини територій, на яких ведуться (велися) бойові дії.","Дані не оприлюднюються з метою виконання вимог Закону України ""Про офіційну статистику"" щодо забезпечення гарантій органів державної статистики щодо статистичної конфіденційності та/або відповідно до Закону України ""Про захист інтересів суб’єктів подання звітності та інших документів у період дії воєнного стану або стану війни"".",,,,,,,,,,
Витрати на наукові дослідження і розробки,Україна,Виробництво медичних і стоматологічних інструментів і матеріалів,Річна,Гривня,Тисячі,Один,Явищ не було,"1. Розрахунок показників темпів зростання/зниження здійснюється до попереднього року. 2. За 2014-2021 роки дані наведено без урахування тимчасово окупованої території Автономної Республіки Крим, м. Севастополя та частини тимчасово окупованих територій у Донецькій та Луганській областях. Починаючи з І кварталу 2022 року дані наведено без урахування тимчасово окупованих російською федерацією територій та частини територій, на яких ведуться (велися) бойові дії.",,,,,,,,,,,
Витрати на наукові дослідження і розробки,Україна,Надання інформаційних послуг,Річна,Гривня,Тисячі,Один,Явищ не було,"1. Розрахунок показників темпів зростання/зниження здійснюється до попереднього року. 2. За 2014-2021 роки дані наведено без урахування тимчасово окупованої території Автономної Республіки Крим, м. Севастополя та частини тимчасово окупованих територій у Донецькій та Луганській областях. Починаючи з І кварталу 2022 року дані наведено без урахування тимчасово окупованих російською федерацією територій та частини територій, на яких ведуться (велися) бойові дії.",,,,,,,,,,,
Витрати на наукові дослідження і розробки,Україна,Виробництво магнітних і оптичних носіїв даних,Річна,Гривня,Тисячі,Один,Явищ не було,"1. Розрахунок показників темпів зростання/зниження здійснюється до попереднього року. 2. За 2014-2021 роки дані наведено без урахування тимчасово окупованої території Автономної Республіки Крим, м. Севастополя та частини тимчасово окупованих територій у Донецькій та Луганській областях. Починаючи з І кварталу 2022 року дані наведено без урахування тимчасово окупованих російською федерацією територій та частини територій, на яких ведуться (велися) бойові дії.",,,,,,,,,,,
Витрати на наукові дослідження і розробки,Україна,Металургійне виробництво,Річна,Гривня,Тисячі,Один,Явищ не було,"1. Розрахунок показників темпів зростання/зниження здійснюється до попереднього року. 2. За 2014-2021 роки дані наведено без урахування тимчасово окупованої території Автономної Республіки Крим, м. Севастополя та частини тимчасово окупованих територій у Донецькій та Луганській областях. Починаючи з І кварталу 2022 року дані наведено без урахування тимчасово окупованих російською федерацією територій та частини територій, на яких ведуться (велися) бойові дії.",,,,,,,,,,,
Витрати на наукові дослідження і розробки,Україна,"Постачання електроенергії, газу, пари та кондиційованого повітря",Річна,Гривня,Тисячі,Один,Конфіденційна статистична інформація,"1. Розрахунок показників темпів зростання/зниження здійснюється до попереднього року. 2. За 2014-2021 роки дані наведено без урахування тимчасово окупованої території Автономної Республіки Крим, м. Севастополя та частини тимчасово окупованих територій у Донецькій та Луганській областях. Починаючи з І кварталу 2022 року дані наведено без урахування тимчасово окупованих російською федерацією територій та частини територій, на яких ведуться (велися) бойові дії.","Дані не оприлюднюються з метою виконання вимог Закону України ""Про офіційну статистику"" щодо забезпечення гарантій органів державної статистики щодо статистичної конфіденційності та/або відповідно до Закону України ""Про захист інтересів суб’єктів подання звітності та інших документів у період дії воєнного стану або стану війни"".",,,,,,,,,,
Витрати на наукові дослідження і розробки,Україна,Операції з нерухомим майном,Річна,Гривня,Тисячі,Один,Конфіденційна статистична інформація,"1. Розрахунок показників темпів зростання/зниження здійснюється до попереднього року. 2. За 2014-2021 роки дані наведено без урахування тимчасово окупованої території Автономної Республіки Крим, м. Севастополя та частини тимчасово окупованих територій у Донецькій та Луганській областях. Починаючи з І кварталу 2022 року дані наведено без урахування тимчасово окупованих російською федерацією територій та частини територій, на яких ведуться (велися) бойові дії.","Дані не оприлюднюються з метою виконання вимог Закону України ""Про офіційну статистику"" щодо забезпечення гарантій органів державної статистики щодо статистичної конфіденційності та/або відповідно до Закону України ""Про захист інтересів суб’єктів подання звітності та інших документів у період дії воєнного стану або стану війни"".",,14656.4,15292.8,,,13662.6,,,634.2,
Витрати на наукові дослідження і розробки,Україна,"Виробництво готових металевих виробів, крім машин і устатковання",Річна,Гривня,Тисячі,Один,Конфіденційна статистична інформація,"1. Розрахунок показників темпів зростання/зниження здійснюється до попереднього року. 2. За 2014-2021 роки дані наведено без урахування тимчасово окупованої території Автономної Республіки Крим, м. Севастополя та частини тимчасово окупованих територій у Донецькій та Луганській областях. Починаючи з І кварталу 2022 року дані наведено без урахування тимчасово окупованих російською федерацією територій та частини територій, на яких ведуться (велися) бойові дії.","Дані не оприлюднюються з метою виконання вимог Закону України ""Про офіційну статистику"" щодо забезпечення гарантій органів державної статистики щодо статистичної конфіденційності та/або відповідно до Закону України ""Про захист інтересів суб’єктів подання звітності та інших документів у період дії воєнного стану або стану війни"".",,29279.8,12115.3,,,,,,,
Витрати на наукові дослідження і розробки,Україна,Видавнича діяльність,Річна,Гривня,Тисячі,Один,Явищ не було,"1. Розрахунок показників темпів зростання/зниження здійснюється до попереднього року. 2. За 2014-2021 роки дані наведено без урахування тимчасово окупованої території Автономної Республіки Крим, м. Севастополя та частини тимчасово окупованих територій у Донецькій та Луганській областях. Починаючи з І кварталу 2022 року дані наведено без урахування тимчасово окупованих російською федерацією територій та частини територій, на яких ведуться (велися) бойові дії.","Дані не оприлюднюються з метою виконання вимог Закону України ""Про офіційну статистику"" щодо забезпечення гарантій органів державної статистики щодо статистичної конфіденційності та/або відповідно до Закону України ""Про захист інтересів суб’єктів подання звітності та інших документів у період дії воєнного стану або стану війни"".",,,,,,,,,,
Витрати на наукові дослідження і розробки,Україна,Освіта,Річна,Гривня,Тисячі,Один,,"1. Розрахунок показників темпів зростання/зниження здійснюється до попереднього року. 2. За 2014-2021 роки дані наведено без урахування тимчасово окупованої території Автономної Республіки Крим, м. Севастополя та частини тимчасово окупованих територій у Донецькій та Луганській областях. Починаючи з І кварталу 2022 року дані наведено без урахування тимчасово окупованих російською федерацією територій та частини територій, на яких ведуться (велися) бойові дії.",,,993471.5,1140601.0,,,1617837.1,1486055.7,1617315.1,1959028.8,2377681.8
Витрати на наукові дослідження і розробки,Україна,Виробництво іншої продукції,Річна,Гривня,Тисячі,Один,Явищ не було,"1. Розрахунок показників темпів зростання/зниження здійснюється до попереднього року. 2. За 2014-2021 роки дані наведено без урахування тимчасово окупованої території Автономної Республіки Крим, м. Севастополя та частини тимчасово окупованих територій у Донецькій та Луганській областях. Починаючи з І кварталу 2022 року дані наведено без урахування тимчасово окупованих російською федерацією територій та частини територій, на яких ведуться (велися) бойові дії.",,,,,,,,,,,
Витрати на наукові дослідження і розробки,Україна,"Виробництво повітряних і космічних літальних апаратів, супутнього устатковання",Річна,Гривня,Тисячі,Один,Конфіденційна статистична інформація,"1. Розрахунок показників темпів зростання/зниження здійснюється до попереднього року. 2. За 2014-2021 роки дані наведено без урахування тимчасово окупованої території Автономної Республіки Крим, м. Севастополя та частини тимчасово окупованих територій у Донецькій та Луганській областях. Починаючи з І кварталу 2022 року дані наведено без урахування тимчасово окупованих російською федерацією територій та частини територій, на яких ведуться (велися) бойові дії.","Дані не оприлюднюються з метою виконання вимог Закону України ""Про офіційну статистику"" щодо забезпечення гарантій органів державної статистики щодо статистичної конфіденційності та/або відповідно до Закону України ""Про захист інтересів суб’єктів подання звітності та інших документів у період дії воєнного стану або стану війни"".",,159056.8,218028.6,,,,,,,
Витрати на наукові дослідження і розробки,Україна,Виробництво гумових і пластмасових виробів,Річна,Гривня,Тисячі,Один,Явищ не було,"1. Розрахунок показників темпів зростання/зниження здійснюється до попереднього року. 2. За 2014-2021 роки дані наведено без урахування тимчасово окупованої території Автономної Республіки Крим, м. Севастополя та частини тимчасово окупованих територій у Донецькій та Луганській областях. Починаючи з І кварталу 2022 року дані наведено без урахування тимчасово окупованих російською федерацією територій та частини територій, на яких ведуться (велися) бойові дії.",,,,,,,,,,,
Витрати на наукові дослідження і розробки,Україна,Ремонт комп'ютерів і обладнання зв'язку,Річна,Гривня,Тисячі,Один,Явищ не було,"1. Розрахунок показників темпів зростання/зниження здійснюється до попереднього року. 2. За 2014-2021 роки дані наведено без урахування тимчасово окупованої території Автономної Республіки Крим, м. Севастополя та частини тимчасово окупованих територій у Донецькій та Луганській областях. Починаючи з І кварталу 2022 року дані наведено без урахування тимчасово окупованих російською федерацією територій та частини територій, на яких ведуться (велися) бойові дії.",,,,,,,,,,,
Витрати на наукові дослідження і розробки,Україна,"Рекламна діяльність і дослідження кон'юнктури ринку, інша професійна, наукова та технічна діяльність, ветеринарна діяльність",Річна,Гривня,Тисячі,Один,Конфіденційна статистична інформація,"1. Розрахунок показників темпів зростання/зниження здійснюється до попереднього року. 2. За 2014-2021 роки дані наведено без урахування тимчасово окупованої території Автономної Республіки Крим, м. Севастополя та частини тимчасово окупованих територій у Донецькій та Луганській областях. Починаючи з І кварталу 2022 року дані наведено без урахування тимчасово окупованих російською федерацією територій та частини територій, на яких ведуться (велися) бойові дії.","Дані не оприлюднюються з метою виконання вимог Закону України ""Про офіційну статистику"" щодо забезпечення гарантій органів державної статистики щодо статистичної конфіденційності та/або відповідно до Закону України ""Про захист інтересів суб’єктів подання звітності та інших документів у період дії воєнного стану або стану війни"".",,,,,,,,,,
Витрати на наукові дослідження і розробки,Україна,Добувна промисловість і розроблення кар'єрів,Річна,Гривня,Тисячі,Один,Конфіденційна статистична інформація,"1. Розрахунок показників темпів зростання/зниження здійснюється до попереднього року. 2. За 2014-2021 роки дані наведено без урахування тимчасово окупованої території Автономної Республіки Крим, м. Севастополя та частини тимчасово окупованих територій у Донецькій та Луганській областях. Починаючи з І кварталу 2022 року дані наведено без урахування тимчасово окупованих російською федерацією територій та частини територій, на яких ведуться (велися) бойові дії.","Дані не оприлюднюються з метою виконання вимог Закону України ""Про офіційну статистику"" щодо забезпечення гарантій органів державної статистики щодо статистичної конфіденційності та/або відповідно до Закону України ""Про захист інтересів суб’єктів подання звітності та інших документів у період дії воєнного стану або стану війни"".",,,,,,,,,,
Витрати на наукові дослідження і розробки,Україна,"Поліграфічна діяльність, тиражування записаної інформації",Річна,Гривня,Тисячі,Один,Явищ не було,"1. Розрахунок показників темпів зростання/зниження здійснюється до попереднього року. 2. За 2014-2021 роки дані наведено без урахування тимчасово окупованої території Автономної Республіки Крим, м. Севастополя та частини тимчасово окупованих територій у Донецькій та Луганській областях. Починаючи з І кварталу 2022 року дані наведено без урахування тимчасово окупованих російською федерацією територій та частини територій, на яких ведуться (велися) бойові дії.","Дані не оприлюднюються з метою виконання вимог Закону України ""Про офіційну статистику"" щодо забезпечення гарантій органів державної статистики щодо статистичної конфіденційності та/або відповідно до Закону України ""Про захист інтересів суб’єктів подання звітності та інших документів у період дії воєнного стану або стану війни"".",,7241.4,16987.2,,,,,,,
Витрати на наукові дослідження і розробки,Україна,"Виробництво транспортних засобів, н.в.і.у.",Річна,Гривня,Тисячі,Один,Явищ не було,"1. Розрахунок показників темпів зростання/зниження здійснюється до попереднього року. 2. За 2014-2021 роки дані наведено без урахування тимчасово окупованої території Автономної Республіки Крим, м. Севастополя та частини тимчасово окупованих територій у Донецькій та Луганській областях. Починаючи з І кварталу 2022 року дані наведено без урахування тимчасово окупованих російською федерацією територій та частини територій, на яких ведуться (велися) бойові дії.",,,,,,,,,,,
Витрати на наукові дослідження і розробки,Україна,"Виробництво машин і устатковання, н.в.і.у.",Річна,Гривня,Тисячі,Один,Конфіденційна статистична інформація,"1. Розрахунок показників темпів зростання/зниження здійснюється до попереднього року. 2. За 2014-2021 роки дані наведено без урахування тимчасово окупованої території Автономної Республіки Крим, м. Севастополя та частини тимчасово окупованих територій у Донецькій та Луганській областях. Починаючи з І кварталу 2022 року дані наведено без урахування тимчасово окупованих російською федерацією територій та частини територій, на яких ведуться (велися) бойові дії.","Дані не оприлюднюються з метою виконання вимог Закону України ""Про офіційну статистику"" щодо забезпечення гарантій органів державної статистики щодо статистичної конфіденційності та/або відповідно до Закону України ""Про захист інтересів суб’єктів подання звітності та інших документів у період дії воєнного стану або стану війни"".",,306475.4,243135.3,,,,,,,
Витрати на наукові дослідження і розробки,Україна,"Виробництво електронної апаратури побутового призначення для приймання, записування та відтворювання звуку й зображення",Річна,Гривня,Тисячі,Один,Явищ не було,"1. Розрахунок показників темпів зростання/зниження здійснюється до попереднього року. 2. За 2014-2021 роки дані наведено без урахування тимчасово окупованої території Автономної Республіки Крим, м. Севастополя та частини тимчасово окупованих територій у Донецькій та Луганській областях. Починаючи з І кварталу 2022 року дані наведено без урахування тимчасово окупованих російською федерацією територій та частини територій, на яких ведуться (велися) бойові дії.",,,,,,,,,,,
Витрати на наукові дослідження і розробки,Україна,Виробництво зброї та боєприпасів,Річна,Гривня,Тисячі,Один,Конфіденційна статистична інформація,"1. Розрахунок показників темпів зростання/зниження здійснюється до попереднього року. 2. За 2014-2021 роки дані наведено без урахування тимчасово окупованої території Автономної Республіки Крим, м. Севастополя та частини тимчасово окупованих територій у Донецькій та Луганській областях. Починаючи з І кварталу 2022 року дані наведено без урахування тимчасово окупованих російською федерацією територій та частини територій, на яких ведуться (велися) бойові дії.","Дані не оприлюднюються з метою виконання вимог Закону України ""Про офіційну статистику"" щодо забезпечення гарантій органів державної статистики щодо статистичної конфіденційності та/або відповідно до Закону України ""Про захист інтересів суб’єктів подання звітності та інших документів у період дії воєнного стану або стану війни"".",,25322.1,8722.7,,,,,,,
Витрати на наукові дослідження і розробки,Україна,"Виробництво харчових продуктів, напоїв і тютюнових виробів",Річна,Гривня,Тисячі,Один,Явищ не було,"1. Розрахунок показників темпів зростання/зниження здійснюється до попереднього року. 2. За 2014-2021 роки дані наведено без урахування тимчасово окупованої території Автономної Республіки Крим, м. Севастополя та частини тимчасово окупованих територій у Донецькій та Луганській областях. Починаючи з І кварталу 2022 року дані наведено без урахування тимчасово окупованих російською федерацією територій та частини територій, на яких ведуться (велися) бойові дії.",,,,,,,,,,,
Витрати на наукові дослідження і розробки,Україна,Виробництво обладнання зв'язку,Річна,Гривня,Тисячі,Один,Конфіденційна статистична інформація,"1. Розрахунок показників темпів зростання/зниження здійснюється до попереднього року. 2. За 2014-2021 роки дані наведено без урахування тимчасово окупованої території Автономної Республіки Крим, м. Севастополя та частини тимчасово окупованих територій у Донецькій та Луганській областях. Починаючи з І кварталу 2022 року дані наведено без урахування тимчасово окупованих російською федерацією територій та частини територій, на яких ведуться (велися) бойові дії.","Дані не оприлюднюються з метою виконання вимог Закону України ""Про офіційну статистику"" щодо забезпечення гарантій органів державної статистики щодо статистичної конфіденційності та/або відповідно до Закону України ""Про захист інтересів суб’єктів подання звітності та інших документів у період дії воєнного стану або стану війни"".",,,,,,,,,,
Витрати на наукові дослідження і розробки,Україна,Виробництво коксу та продуктів нафтоперероблення,Річна,Гривня,Тисячі,Один,Явищ не було,"1. Розрахунок показників темпів зростання/зниження здійснюється до попереднього року. 2. За 2014-2021 роки дані наведено без урахування тимчасово окупованої території Автономної Республіки Крим, м. Севастополя та частини тимчасово окупованих територій у Донецькій та Луганській областях. Починаючи з І кварталу 2022 року дані наведено без урахування тимчасово окупованих російською федерацією територій та частини територій, на яких ведуться (велися) бойові дії.",,,,,,,,,,,
Витрати на наукові дослідження і розробки,Україна,"Виробництво автотранспортних засобів, причепів і напівпричепів",Річна,Гривня,Тисячі,Один,Конфіденційна статистична інформація,"1. Розрахунок показників темпів зростання/зниження здійснюється до попереднього року. 2. За 2014-2021 роки дані наведено без урахування тимчасово окупованої території Автономної Республіки Крим, м. Севастополя та частини тимчасово окупованих територій у Донецькій та Луганській областях. Починаючи з І кварталу 2022 року дані наведено без урахування тимчасово окупованих російською федерацією територій та частини територій, на яких ведуться (велися) бойові дії.","Дані не оприлюднюються з метою виконання вимог Закону України ""Про офіційну статистику"" щодо забезпечення гарантій органів державної статистики щодо статистичної конфіденційності та/або відповідно до Закону України ""Про захист інтересів суб’єктів подання звітності та інших документів у період дії воєнного стану або стану війни"".",,,,,,,,,,
Витрати на наукові дослідження і розробки,Україна,"Діяльність у сферах права та бухгалтерського обліку, архітектури та інжинірингу, технічні випробування та дослідження",Річна,Гривня,Тисячі,Один,Конфіденційна статистична інформація,"1. Розрахунок показників темпів зростання/зниження здійснюється до попереднього року. 2. За 2014-2021 роки дані наведено без урахування тимчасово окупованої території Автономної Республіки Крим, м. Севастополя та частини тимчасово окупованих територій у Донецькій та Луганській областях. Починаючи з І кварталу 2022 року дані наведено без урахування тимчасово окупованих російською федерацією територій та частини територій, на яких ведуться (велися) бойові дії.","Дані не оприлюднюються з метою виконання вимог Закону України ""Про офіційну статистику"" щодо забезпечення гарантій органів державної статистики щодо статистичної конфіденційності та/або відповідно до Закону України ""Про захист інтересів суб’єктів подання звітності та інших документів у період дії воєнного стану або стану війни"".",,,,,,144920.3,177860.4,159291.2,,418532.6
Витрати на наукові дослідження і розробки,Україна,Виробництво електронних компонентів і плат,Річна,Гривня,Тисячі,Один,Конфіденційна статистична інформація,"1. Розрахунок показників темпів зростання/зниження здійснюється до попереднього року. 2. За 2014-2021 роки дані наведено без урахування тимчасово окупованої території Автономної Республіки Крим, м. Севастополя та частини тимчасово окупованих територій у Донецькій та Луганській областях. Починаючи з І кварталу 2022 року дані наведено без урахування тимчасово окупованих російською федерацією територій та частини територій, на яких ведуться (велися) бойові дії.","Дані не оприлюднюються з метою виконання вимог Закону України ""Про офіційну статистику"" щодо забезпечення гарантій органів державної статистики щодо статистичної конфіденційності та/або відповідно до Закону України ""Про захист інтересів суб’єктів подання звітності та інших документів у період дії воєнного стану або стану війни"".",,,,,,,,,,
Витрати на наукові дослідження і розробки,Україна,"Оброблення даних, розміщення інформації на веб-вузлах і пов'язана з ними діяльність; веб-портали",Річна,Гривня,Тисячі,Один,Явищ не було,"1. Розрахунок показників темпів зростання/зниження здійснюється до попереднього року. 2. За 2014-2021 роки дані наведено без урахування тимчасово окупованої території Автономної Республіки Крим, м. Севастополя та частини тимчасово окупованих територій у Донецькій та Луганській областях. Починаючи з І кварталу 2022 року дані наведено без урахування тимчасово окупованих російською федерацією територій та частини територій, на яких ведуться (велися) бойові дії.",,,,,,,,,,,
Витрати на наукові дослідження і розробки,Україна,"Професійна, наукова та технічна діяльність",Річна,Гривня,Тисячі,Один,,"1. Розрахунок показників темпів зростання/зниження здійснюється до попереднього року. 2. За 2014-2021 роки дані наведено без урахування тимчасово окупованої території Автономної Республіки Крим, м. Севастополя та частини тимчасово окупованих територій у Донецькій та Луганській областях. Починаючи з І кварталу 2022 року дані наведено без урахування тимчасово окупованих російською федерацією територій та частини територій, на яких ведуться (велися) бойові дії.",,,11181640.8,12587587.4,14043133.8,13657141.2,15812925.8,14894551.3,14217760.0,18899441.8,21188660.3
Витрати на наукові дослідження і розробки,Україна,Надання інших видів послуг,Річна,Гривня,Тисячі,Один,Явищ не було,"1. Розрахунок показників темпів зростання/зниження здійснюється до попереднього року. 2. За 2014-2021 роки дані наведено без урахування тимчасово окупованої території Автономної Республіки Крим, м. Севастополя та частини тимчасово окупованих територій у Донецькій та Луганській областях. Починаючи з І кварталу 2022 року дані наведено без урахування тимчасово окупованих російською федерацією територій та частини територій, на яких ведуться (велися) бойові дії.",,,,,,,,,,,
Витрати на наукові дослідження і розробки,Україна,Освіта,Річна,Гривня,Тисячі,Один,,"1. Розрахунок показників темпів зростання/зниження здійснюється до попереднього року. 2. За 2014-2021 роки дані наведено без урахування тимчасово окупованої території Автономної Республіки Крим, м. Севастополя та частини тимчасово окупованих територій у Донецькій та Луганській областях. Починаючи з І кварталу 2022 року дані наведено без урахування тимчасово окупованих російською федерацією територій та частини територій, на яких ведуться (велися) бойові дії.",,,993471.5,1140601.0,1056783.8,1373806.0,1617837.1,1486055.7,1617315.1,1959028.8,2377681.8
Витрати на наукові дослідження і розробки,Україна,Усього,Річна,Гривня,Тисячі,Один,,"1. Розрахунок показників темпів зростання/зниження здійснюється до попереднього року. 2. За 2014-2021 роки дані наведено без урахування тимчасово окупованої території Автономної Республіки Крим, м. Севастополя та частини тимчасово окупованих територій у Донецькій та Луганській областях. Починаючи з І кварталу 2022 року дані наведено без урахування тимчасово окупованих російською федерацією територій та частини територій, на яких ведуться (велися) бойові дії.",,,13379292.4,16773724.5,17254629.7,17022419.3,20973775.2,17299525.9,22706834.3,28507986.6,34653554.4
Витрати на наукові дослідження і розробки,Україна,ІКТ у виробництві,Річна,Гривня,Тисячі,Один,Конфіденційна статистична інформація,"1. Розрахунок показників темпів зростання/зниження здійснюється до попереднього року. 2. За 2014-2021 роки дані наведено без урахування тимчасово окупованої території Автономної Республіки Крим, м. Севастополя та частини тимчасово окупованих територій у Донецькій та Луганській областях. Починаючи з І кварталу 2022 року дані наведено без урахування тимчасово окупованих російською федерацією територій та частини територій, на яких ведуться (велися) бойові дії.","Дані не оприлюднюються з метою виконання вимог Закону України ""Про офіційну статистику"" щодо забезпечення гарантій органів державної статистики щодо статистичної конфіденційності та/або відповідно до Закону України ""Про захист інтересів суб’єктів подання звітності та інших документів у період дії воєнного стану або стану війни"".",,,,,,,,,,
Витрати на наукові дослідження і розробки,Україна,Інформація та телекомунікації,Річна,Гривня,Тисячі,Один,Конфіденційна статистична інформація,"1. Розрахунок показників темпів зростання/зниження здійснюється до попереднього року. 2. За 2014-2021 роки дані наведено без урахування тимчасово окупованої території Автономної Республіки Крим, м. Севастополя та частини тимчасово окупованих територій у Донецькій та Луганській областях. Починаючи з І кварталу 2022 року дані наведено без урахування тимчасово окупованих російською федерацією територій та частини територій, на яких ведуться (велися) бойові дії.","Дані не оприлюднюються з метою виконання вимог Закону України ""Про офіційну статистику"" щодо забезпечення гарантій органів державної статистики щодо статистичної конфіденційності та/або відповідно до Закону України ""Про захист інтересів суб’єктів подання звітності та інших документів у період дії воєнного стану або стану війни"".",,31614.2,36274.2,,,,,,,
Витрати на наукові дослідження і розробки,Україна,"Видавнича діяльність, радіомовлення, телебачення",Річна,Гривня,Тисячі,Один,Явищ не було,"1. Розрахунок показників темпів зростання/зниження здійснюється до попереднього року. 2. За 2014-2021 роки дані наведено без урахування тимчасово окупованої території Автономної Республіки Крим, м. Севастополя та частини тимчасово окупованих територій у Донецькій та Луганській областях. Починаючи з І кварталу 2022 року дані наведено без урахування тимчасово окупованих російською федерацією територій та частини територій, на яких ведуться (велися) бойові дії.","Дані не оприлюднюються з метою виконання вимог Закону України ""Про офіційну статистику"" щодо забезпечення гарантій органів державної статистики щодо статистичної конфіденційності та/або відповідно до Закону України ""Про захист інтересів суб’єктів подання звітності та інших документів у період дії воєнного стану або стану війни"".",,,,,,,,,,
Витрати на наукові дослідження і розробки,Україна,Будівництво,Річна,Гривня,Тисячі,Один,Явищ не було,"1. Розрахунок показників темпів зростання/зниження здійснюється до попереднього року. 2. За 2014-2021 роки дані наведено без урахування тимчасово окупованої території Автономної Республіки Крим, м. Севастополя та частини тимчасово окупованих територій у Донецькій та Луганській областях. Починаючи з І кварталу 2022 року дані наведено без урахування тимчасово окупованих російською федерацією територій та частини територій, на яких ведуться (велися) бойові дії.","Дані не оприлюднюються з метою виконання вимог Закону України ""Про офіційну статистику"" щодо забезпечення гарантій органів державної статистики щодо статистичної конфіденційності та/або відповідно до Закону України ""Про захист інтересів суб’єктів подання звітності та інших документів у період дії воєнного стану або стану війни"".",,759.0,973.9,,,,,,,
Витрати на наукові дослідження і розробки,Україна,"Виробництво готових металевих виробів, комп'ютерів, електронної та оптичної продукції, електричного устатковання, машин, автомобілів та іншого транспортного устатковання",Річна,Гривня,Тисячі,Один,Конфіденційна статистична інформація,"1. Розрахунок показників темпів зростання/зниження здійснюється до попереднього року. 2. За 2014-2021 роки дані наведено без урахування тимчасово окупованої території Автономної Республіки Крим, м. Севастополя та частини тимчасово окупованих територій у Донецькій та Луганській областях. Починаючи з І кварталу 2022 року дані наведено без урахування тимчасово окупованих російською федерацією територій та частини територій, на яких ведуться (велися) бойові дії.","Дані не оприлюднюються з метою виконання вимог Закону України ""Про офіційну статистику"" щодо забезпечення гарантій органів державної статистики щодо статистичної конфіденційності та/або відповідно до Закону України ""Про захист інтересів суб’єктів подання звітності та інших документів у період дії воєнного стану або стану війни"".",,,,,,1180312.9,,,,4417354.1
Витрати на наукові дослідження і розробки,Україна,Надання послуг догляду та соціальної допомоги,Річна,Гривня,Тисячі,Один,Явищ не було,"1. Розрахунок показників темпів зростання/зниження здійснюється до попереднього року. 2. За 2014-2021 роки дані наведено без урахування тимчасово окупованої території Автономної Республіки Крим, м. Севастополя та частини тимчасово окупованих територій у Донецькій та Луганській областях. Починаючи з І кварталу 2022 року дані наведено без урахування тимчасово окупованих російською федерацією територій та частини територій, на яких ведуться (велися) бойові дії.",,,,,,,,,,,
Витрати на наукові дослідження і розробки,Україна,Виробництво з використанням технологій середньонизького рівня,Річна,Гривня,Тисячі,Один,Явищ не було,"1. Розрахунок показників темпів зростання/зниження здійснюється до попереднього року. 2. За 2014-2021 роки дані наведено без урахування тимчасово окупованої території Автономної Республіки Крим, м. Севастополя та частини тимчасово окупованих територій у Донецькій та Луганській областях. Починаючи з І кварталу 2022 року дані наведено без урахування тимчасово окупованих російською федерацією територій та частини територій, на яких ведуться (велися) бойові дії.",,,,,,,,,,,
Витрати на наукові дослідження і розробки,Україна,"Транспорт, складське господарство, поштова та кур'єрська діяльність",Річна,Гривня,Тисячі,Один,Конфіденційна статистична інформація,"1. Розрахунок показників темпів зростання/зниження здійснюється до попереднього року. 2. За 2014-2021 роки дані наведено без урахування тимчасово окупованої території Автономної Республіки Крим, м. Севастополя та частини тимчасово окупованих територій у Донецькій та Луганській областях. Починаючи з І кварталу 2022 року дані наведено без урахування тимчасово окупованих російською федерацією територій та частини територій, на яких ведуться (велися) бойові дії.","Дані не оприлюднюються з метою виконання вимог Закону України ""Про офіційну статистику"" щодо забезпечення гарантій органів державної статистики щодо статистичної конфіденційності та/або відповідно до Закону України ""Про захист інтересів суб’єктів подання звітності та інших документів у період дії воєнного стану або стану війни"".",,,1182248.4,,,,,,,
Витрати на наукові дослідження і розробки,Україна,Оптова та роздрібна торгівля; ремонт автотранспортних засобів і мотоциклів,Річна,Гривня,Тисячі,Один,Конфіденційна статистична інформація,"1. Розрахунок показників темпів зростання/зниження здійснюється до попереднього року. 2. За 2014-2021 роки дані наведено без урахування тимчасово окупованої території Автономної Республіки Крим, м. Севастополя та частини тимчасово окупованих територій у Донецькій та Луганській областях. Починаючи з І кварталу 2022 року дані наведено без урахування тимчасово окупованих російською федерацією територій та частини територій, на яких ведуться (велися) бойові дії.","Дані не оприлюднюються з метою виконання вимог Закону України ""Про офіційну статистику"" щодо забезпечення гарантій органів державної статистики щодо статистичної конфіденційності та/або відповідно до Закону України ""Про захист інтересів суб’єктів подання звітності та інших документів у період дії воєнного стану або стану війни"".",,8328.8,2926.4,,,,,,,
Витрати на наукові дослідження і розробки,Вінницька,Усього,Річна,Гривня,Тисячі,Один,,"1. Розрахунок показників темпів зростання/зниження здійснюється до попереднього року. 2. За 2014-2021 роки дані наведено без урахування тимчасово окупованої території Автономної Республіки Крим, м. Севастополя та частини тимчасово окупованих територій у Донецькій та Луганській областях. Починаючи з І кварталу 2022 року дані наведено без урахування тимчасово окупованих російською федерацією територій та частини територій, на яких ведуться (велися) бойові дії.",,39473.3,44803.0,49056.2,39618.3,50756.2,67545.9,76777.3,80908.3,120454.5,142229.4
Витрати на наукові дослідження і розробки,Україна,ІКТ у послугах,Річна,Гривня,Тисячі,Один,Конфіденційна статистична інформація,"1. Розрахунок показників темпів зростання/зниження здійснюється до попереднього року. 2. За 2014-2021 роки дані наведено без урахування тимчасово окупованої території Автономної Республіки Крим, м. Севастополя та частини тимчасово окупованих територій у Донецькій та Луганській областях. Починаючи з І кварталу 2022 року дані наведено без урахування тимчасово окупованих російською федерацією територій та частини територій, на яких ведуться (велися) бойові дії.","Дані не оприлюднюються з метою виконання вимог Закону України ""Про офіційну статистику"" щодо забезпечення гарантій органів державної статистики щодо статистичної конфіденційності та/або відповідно до Закону України ""Про захист інтересів суб’єктів подання звітності та інших документів у період дії воєнного стану або стану війни"".",,,,,,55376.3,,,,
Витрати на наукові дослідження і розробки,Україна,"Водопостачання; каналізація, поводження з відходами",Річна,Гривня,Тисячі,Один,Явищ не було,"1. Розрахунок показників темпів зростання/зниження здійснюється до попереднього року. 2. За 2014-2021 роки дані наведено без урахування тимчасово окупованої території Автономної Республіки Крим, м. Севастополя та частини тимчасово окупованих територій у Донецькій та Луганській областях. Починаючи з І кварталу 2022 року дані наведено без урахування тимчасово окупованих російською федерацією територій та частини територій, на яких ведуться (велися) бойові дії.",,,,,,,,,,,
Витрати на наукові дослідження і розробки,Україна,Виробництво з використанням технологій середньовисокого рівня,Річна,Гривня,Тисячі,Один,Конфіденційна статистична інформація,"1. Розрахунок показників темпів зростання/зниження здійснюється до попереднього року. 2. За 2014-2021 роки дані наведено без урахування тимчасово окупованої території Автономної Республіки Крим, м. Севастополя та частини тимчасово окупованих територій у Донецькій та Луганській областях. Починаючи з І кварталу 2022 року дані наведено без урахування тимчасово окупованих російською федерацією територій та частини територій, на яких ведуться (велися) бойові дії.","Дані не оприлюднюються з метою виконання вимог Закону України ""Про офіційну статистику"" щодо забезпечення гарантій органів державної статистики щодо статистичної конфіденційності та/або відповідно до Закону України ""Про захист інтересів суб’єктів подання звітності та інших документів у період дії воєнного стану або стану війни"".",,,,,,1040368.3,,,,2553223.8
Витрати на наукові дослідження і розробки,Україна,Фінансова та страхова діяльність,Річна,Гривня,Тисячі,Один,Явищ не було,"1. Розрахунок показників темпів зростання/зниження здійснюється до попереднього року. 2. За 2014-2021 роки дані наведено без урахування тимчасово окупованої території Автономної Республіки Крим, м. Севастополя та частини тимчасово окупованих територій у Донецькій та Луганській областях. Починаючи з І кварталу 2022 року дані наведено без урахування тимчасово окупованих російською федерацією територій та частини територій, на яких ведуться (велися) бойові дії.",,,,,,,,,,,
Витрати на наукові дослідження і розробки,Україна,"Мистецтво, спорт, розваги та відпочинок",Річна,Гривня,Тисячі,Один,,"1. Розрахунок показників темпів зростання/зниження здійснюється до попереднього року. 2. За 2014-2021 роки дані наведено без урахування тимчасово окупованої території Автономної Республіки Крим, м. Севастополя та частини тимчасово окупованих територій у Донецькій та Луганській областях. Починаючи з І кварталу 2022 року дані наведено без урахування тимчасово окупованих російською федерацією територій та частини територій, на яких ведуться (велися) бойові дії.",,,120665.6,142385.6,,142697.0,183817.6,153182.3,149306.6,234200.5,256637.2
Витрати на наукові дослідження і розробки,Україна,Інформаційно-комунікаційні технології (ІКТ) – усього,Річна,Гривня,Тисячі,Один,Конфіденційна статистична інформація,"1. Розрахунок показників темпів зростання/зниження здійснюється до попереднього року. 2. За 2014-2021 роки дані наведено без урахування тимчасово окупованої території Автономної Республіки Крим, м. Севастополя та частини тимчасово окупованих територій у Донецькій та Луганській областях. Починаючи з І кварталу 2022 року дані наведено без урахування тимчасово окупованих російською федерацією територій та частини територій, на яких ведуться (велися) бойові дії.","Дані не оприлюднюються з метою виконання вимог Закону України ""Про офіційну статистику"" щодо забезпечення гарантій органів державної статистики щодо статистичної конфіденційності та/або відповідно до Закону України ""Про захист інтересів суб’єктів подання звітності та інших документів у період дії воєнного стану або стану війни"".",,,,,39957.6,55376.3,,,,
Витрати на наукові дослідження і розробки,Україна,Охорона здоров'я та надання соціальної допомоги,Річна,Гривня,Тисячі,Один,Конфіденційна статистична інформація,"1. Розрахунок показників темпів зростання/зниження здійснюється до попереднього року. 2. За 2014-2021 роки дані наведено без урахування тимчасово окупованої території Автономної Республіки Крим, м. Севастополя та частини тимчасово окупованих територій у Донецькій та Луганській областях. Починаючи з І кварталу 2022 року дані наведено без урахування тимчасово окупованих російською федерацією територій та частини територій, на яких ведуться (велися) бойові дії.","Дані не оприлюднюються з метою виконання вимог Закону України ""Про офіційну статистику"" щодо забезпечення гарантій органів державної статистики щодо статистичної конфіденційності та/або відповідно до Закону України ""Про захист інтересів суб’єктів подання звітності та інших документів у період дії воєнного стану або стану війни"".",,80009.9,118266.3,,154096.8,166087.9,144765.5,140788.2,125702.8,320841.2
Витрати на наукові дослідження і розробки,Україна,Операції з нерухомим майном,Річна,Гривня,Тисячі,Один,Конфіденційна статистична інформація,"1. Розрахунок показників темпів зростання/зниження здійснюється до попереднього року. 2. За 2014-2021 роки дані наведено без урахування тимчасово окупованої території Автономної Республіки Крим, м. Севастополя та частини тимчасово окупованих територій у Донецькій та Луганській областях. Починаючи з І кварталу 2022 року дані наведено без урахування тимчасово окупованих російською федерацією територій та частини територій, на яких ведуться (велися) бойові дії.","Дані не оприлюднюються з метою виконання вимог Закону України ""Про офіційну статистику"" щодо забезпечення гарантій органів державної статистики щодо статистичної конфіденційності та/або відповідно до Закону України ""Про захист інтересів суб’єктів подання звітності та інших документів у період дії воєнного стану або стану війни"".",,14656.4,15292.8,35339.1,15779.5,13662.6,,,634.2,
Витрати на наукові дослідження і розробки,Україна,Виробництво з використанням технологій високого рівня,Річна,Гривня,Тисячі,Один,Конфіденційна статистична інформація,"1. Розрахунок показників темпів зростання/зниження здійснюється до попереднього року. 2. За 2014-2021 роки дані наведено без урахування тимчасово окупованої території Автономної Республіки Крим, м. Севастополя та частини тимчасово окупованих територій у Донецькій та Луганській областях. Починаючи з І кварталу 2022 року дані наведено без урахування тимчасово окупованих російською федерацією територій та частини територій, на яких ведуться (велися) бойові дії.","Дані не оприлюднюються з метою виконання вимог Закону України ""Про офіційну статистику"" щодо забезпечення гарантій органів державної статистики щодо статистичної конфіденційності та/або відповідно до Закону України ""Про захист інтересів суб’єктів подання звітності та інших документів у період дії воєнного стану або стану війни"".",,,,,,146857.9,,,,2858393.9
Витрати на наукові дослідження і розробки,Україна,Діяльність у сфері адміністративного та допоміжного обслуговування,Річна,Гривня,Тисячі,Один,Явищ не було,"1. Розрахунок показників темпів зростання/зниження здійснюється до попереднього року. 2. За 2014-2021 роки дані наведено без урахування тимчасово окупованої території Автономної Республіки Крим, м. Севастополя та частини тимчасово окупованих територій у Донецькій та Луганській областях. Починаючи з І кварталу 2022 року дані наведено без урахування тимчасово окупованих російською федерацією територій та частини територій, на яких ведуться (велися) бойові дії.","Дані не оприлюднюються з метою виконання вимог Закону України ""Про офіційну статистику"" щодо забезпечення гарантій органів державної статистики щодо статистичної конфіденційності та/або відповідно до Закону України ""Про захист інтересів суб’єктів подання звітності та інших документів у період дії воєнного стану або стану війни"".",,240.6,283.2,,,,,,,
Витрати на наукові дослідження і розробки,Волинська,Усього,Річна,Гривня,Тисячі,Один,,"1. Розрахунок показників темпів зростання/зниження здійснюється до попереднього року. 2. За 2014-2021 роки дані наведено без урахування тимчасово окупованої території Автономної Республіки Крим, м. Севастополя та частини тимчасово окупованих територій у Донецькій та Луганській областях. Починаючи з І кварталу 2022 року дані наведено без урахування тимчасово окупованих російською федерацією територій та частини територій, на яких ведуться (велися) бойові дії.",,13604.1,18414.9,18434.7,9948.3,9994.2,11303.4,10700.0,8743.0,11059.4,15130.0
Витрати на наукові дослідження і розробки,Донецька,Усього,Річна,Гривня,Тисячі,Один,,"1. Розрахунок показників темпів зростання/зниження здійснюється до попереднього року. 2. За 2014-2021 роки дані наведено без урахування тимчасово окупованої території Автономної Республіки Крим, м. Севастополя та частини тимчасово окупованих територій у Донецькій та Луганській областях. Починаючи з І кварталу 2022 року дані наведено без урахування тимчасово окупованих російською федерацією територій та частини територій, на яких ведуться (велися) бойові дії.",,18902.8,13244.9,16235.9,32503.1,22316.2,37763.0,21562.7,21879.5,28924.8,24930.2
Витрати на наукові дослідження і розробки,Дніпропетровська,Усього,Річна,Гривня,Тисячі,Один,,"1. Розрахунок показників темпів зростання/зниження здійснюється до попереднього року. 2. За 2014-2021 роки дані наведено без урахування тимчасово окупованої території Автономної Республіки Крим, м. Севастополя та частини тимчасово окупованих територій у Донецькій та Луганській областях. Починаючи з І кварталу 2022 року дані наведено без урахування тимчасово окупованих російською федерацією територій та частини територій, на яких ведуться (велися) бойові дії.",,1843750.8,2261934.6,2029774.4,2310005.4,1511469.5,2091685.3,1831110.3,3478511.9,2770319.5,3479284.7
Витрати на наукові дослідження і розробки,Житомирська,Усього,Річна,Гривня,Тисячі,Один,,"1. Розрахунок показників темпів зростання/зниження здійснюється до попереднього року. 2. За 2014-2021 роки дані наведено без урахування тимчасово окупованої території Автономної Республіки Крим, м. Севастополя та частини тимчасово окупованих територій у Донецькій та Луганській областях. Починаючи з І кварталу 2022 року дані наведено без урахування тимчасово окупованих російською федерацією територій та частини територій, на яких ведуться (велися) бойові дії.",,21360.5,28098.6,30654.6,26372.1,26062.2,26893.5,30544.0,29446.1,30799.9,54388.5
Витрати на наукові дослідження і розробки,Закарпатська,Усього,Річна,Гривня,Тисячі,Один,,"1. Розрахунок показників темпів зростання/зниження здійснюється до попереднього року. 2. За 2014-2021 роки дані наведено без урахування тимчасово окупованої території Автономної Республіки Крим, м. Севастополя та частини тимчасово окупованих територій у Донецькій та Луганській областях. Починаючи з І кварталу 2022 року дані наведено без урахування тимчасово окупованих російською федерацією територій та частини територій, на яких ведуться (велися) бойові дії.",,46430.0,55241.8,75107.8,77694.5,84933.8,117755.7,83428.3,72042.4,127380.8,145099.2
Витрати на наукові дослідження і розробки,Запорізька,Усього,Річна,Гривня,Тисячі,Один,Конфіденційна статистична інформація,"1. Розрахунок показників темпів зростання/зниження здійснюється до попереднього року. 2. За 2014-2021 роки дані наведено без урахування тимчасово окупованої території Автономної Республіки Крим, м. Севастополя та частини тимчасово окупованих територій у Донецькій та Луганській областях. Починаючи з І кварталу 2022 року дані наведено без урахування тимчасово окупованих російською федерацією територій та частини територій, на яких ведуться (велися) бойові дії.","Дані не оприлюднюються з метою виконання вимог Закону України ""Про офіційну статистику"" щодо забезпечення гарантій органів державної статистики щодо статистичної конфіденційності та/або відповідно до Закону України ""Про захист інтересів суб’єктів подання звітності та інших документів у період дії воєнного стану або стану війни"".",712401.9,914062.4,1387903.5,1538450.0,,,,,,
Витрати на наукові дослідження і розробки,Івано-Франківська,Усього,Річна,Гривня,Тисячі,Один,,"1. Розрахунок показників темпів зростання/зниження здійснюється до попереднього року. 2. За 2014-2021 роки дані наведено без урахування тимчасово окупованої території Автономної Республіки Крим, м. Севастополя та частини тимчасово окупованих територій у Донецькій та Луганській областях. Починаючи з І кварталу 2022 року дані наведено без урахування тимчасово окупованих російською федерацією територій та частини територій, на яких ведуться (велися) бойові дії.",,20325.8,28051.2,47914.5,42107.7,50990.2,58583.6,39571.6,51164.9,116601.0,147482.9
Витрати на наукові дослідження і розробки,Кіровоградська,Усього,Річна,Гривня,Тисячі,Один,Конфіденційна статистична інформація,"1. Розрахунок показників темпів зростання/зниження здійснюється до попереднього року. 2. За 2014-2021 роки дані наведено без урахування тимчасово окупованої території Автономної Республіки Крим, м. Севастополя та частини тимчасово окупованих територій у Донецькій та Луганській областях. Починаючи з І кварталу 2022 року дані наведено без урахування тимчасово окупованих російською федерацією територій та частини територій, на яких ведуться (велися) бойові дії.","Дані не оприлюднюються з метою виконання вимог Закону України ""Про офіційну статистику"" щодо забезпечення гарантій органів державної статистики щодо статистичної конфіденційності та/або відповідно до Закону України ""Про захист інтересів суб’єктів подання звітності та інших документів у період дії воєнного стану або стану війни"".",74614.5,75619.7,100762.4,24873.6,21002.8,13069.9,,,,
Витрати на наукові дослідження і розробки,Київська,Усього,Річна,Гривня,Тисячі,Один,,"1. Розрахунок показників темпів зростання/зниження здійснюється до попереднього року. 2. За 2014-2021 роки дані наведено без урахування тимчасово окупованої території Автономної Республіки Крим, м. Севастополя та частини тимчасово окупованих територій у Донецькій та Луганській областях. Починаючи з І кварталу 2022 року дані наведено без урахування тимчасово окупованих російською федерацією територій та частини територій, на яких ведуться (велися) бойові дії.",,274177.9,299219.3,410794.7,417736.0,355376.7,328171.3,285042.7,319401.9,431343.4,475689.5
Витрати на наукові дослідження і розробки,Луганська,Усього,Річна,Гривня,Тисячі,Один,Конфіденційна статистична інформація,"1. Розрахунок показників темпів зростання/зниження здійснюється до попереднього року. 2. За 2014-2021 роки дані наведено без урахування тимчасово окупованої території Автономної Республіки Крим, м. Севастополя та частини тимчасово окупованих територій у Донецькій та Луганській областях. Починаючи з І кварталу 2022 року дані наведено без урахування тимчасово окупованих російською федерацією територій та частини територій, на яких ведуться (велися) бойові дії.","Дані не оприлюднюються з метою виконання вимог Закону України ""Про офіційну статистику"" щодо забезпечення гарантій органів державної статистики щодо статистичної конфіденційності та/або відповідно до Закону України ""Про захист інтересів суб’єктів подання звітності та інших документів у період дії воєнного стану або стану війни"".",23577.7,29332.4,36880.6,39288.4,31025.4,13677.1,,,,
Витрати на наукові дослідження і розробки,Одеська,Усього,Річна,Гривня,Тисячі,Один,,"1. Розрахунок показників темпів зростання/зниження здійснюється до попереднього року. 2. За 2014-2021 роки дані наведено без урахування тимчасово окупованої території Автономної Республіки Крим, м. Севастополя та частини тимчасово окупованих територій у Донецькій та Луганській областях. Починаючи з І кварталу 2022 року дані наведено без урахування тимчасово окупованих російською федерацією територій та частини територій, на яких ведуться (велися) бойові дії.",,237456.8,270263.0,299189.8,342214.1,317373.0,345928.6,283966.6,319134.0,462122.6,387880.7
Витрати на наукові дослідження і розробки,Львівська,Усього,Річна,Гривня,Тисячі,Один,,"1. Розрахунок показників темпів зростання/зниження здійснюється до попереднього року. 2. За 2014-2021 роки дані наведено без урахування тимчасово окупованої території Автономної Республіки Крим, м. Севастополя та частини тимчасово окупованих територій у Донецькій та Луганській областях. Починаючи з І кварталу 2022 року дані наведено без урахування тимчасово окупованих російською федерацією територій та частини територій, на яких ведуться (велися) бойові дії.",,264845.5,365997.1,426789.7,465522.2,494408.4,660957.3,512476.8,640245.1,828918.9,881370.3
Витрати на наукові дослідження і розробки,Миколаївська,Усього,Річна,Гривня,Тисячі,Один,,"1. Розрахунок показників темпів зростання/зниження здійснюється до попереднього року. 2. За 2014-2021 роки дані наведено без урахування тимчасово окупованої території Автономної Республіки Крим, м. Севастополя та частини тимчасово окупованих територій у Донецькій та Луганській областях. Починаючи з І кварталу 2022 року дані наведено без урахування тимчасово окупованих російською федерацією територій та частини територій, на яких ведуться (велися) бойові дії.",,392583.5,349345.2,330694.5,236640.0,301069.9,435674.2,165192.4,125344.7,161115.4,153012.6
Витрати на наукові дослідження і розробки,Рівненська,Усього,Річна,Гривня,Тисячі,Один,,"1. Розрахунок показників темпів зростання/зниження здійснюється до попереднього року. 2. За 2014-2021 роки дані наведено без урахування тимчасово окупованої території Автономної Республіки Крим, м. Севастополя та частини тимчасово окупованих територій у Донецькій та Луганській областях. Починаючи з І кварталу 2022 року дані наведено без урахування тимчасово окупованих російською федерацією територій та частини територій, на яких ведуться (велися) бойові дії.",,9327.1,13723.8,19323.8,17619.0,13841.6,14858.7,15920.7,21392.1,24924.8,23280.9
Витрати на наукові дослідження і розробки,Полтавська,Усього,Річна,Гривня,Тисячі,Один,,"1. Розрахунок показників темпів зростання/зниження здійснюється до попереднього року. 2. За 2014-2021 роки дані наведено без урахування тимчасово окупованої території Автономної Республіки Крим, м. Севастополя та частини тимчасово окупованих територій у Донецькій та Луганській областях. Починаючи з І кварталу 2022 року дані наведено без урахування тимчасово окупованих російською федерацією територій та частини територій, на яких ведуться (велися) бойові дії.",,55845.0,65967.7,80723.4,44639.3,37622.3,45926.0,43315.7,44918.0,77068.0,93000.3
Витрати на наукові дослідження і розробки,Сумська,Усього,Річна,Гривня,Тисячі,Один,,"1. Розрахунок показників темпів зростання/зниження здійснюється до попереднього року. 2. За 2014-2021 роки дані наведено без урахування тимчасово окупованої території Автономної Республіки Крим, м. Севастополя та частини тимчасово окупованих територій у Донецькій та Луганській областях. Починаючи з І кварталу 2022 року дані наведено без урахування тимчасово окупованих російською федерацією територій та частини територій, на яких ведуться (велися) бойові дії.",,129682.3,160696.5,182433.3,93616.4,152974.9,176824.0,134831.4,168815.7,235337.2,246597.2
Витрати на наукові дослідження і розробки,Тернопільська,Усього,Річна,Гривня,Тисячі,Один,,"1. Розрахунок показників темпів зростання/зниження здійснюється до попереднього року. 2. За 2014-2021 роки дані наведено без урахування тимчасово окупованої території Автономної Республіки Крим, м. Севастополя та частини тимчасово окупованих територій у Донецькій та Луганській областях. Починаючи з І кварталу 2022 року дані наведено без урахування тимчасово окупованих російською федерацією територій та частини територій, на яких ведуться (велися) бойові дії.",,14052.4,19200.1,30195.3,29094.1,35811.9,41656.3,36009.6,35239.9,56882.7,52227.5
Витрати на наукові дослідження і розробки,Харківська,Усього,Річна,Гривня,Тисячі,Один,,"1. Розрахунок показників темпів зростання/зниження здійснюється до попереднього року. 2. За 2014-2021 роки дані наведено без урахування тимчасово окупованої території Автономної Республіки Крим, м. Севастополя та частини тимчасово окупованих територій у Донецькій та Луганській областях. Починаючи з І кварталу 2022 року дані наведено без урахування тимчасово окупованих російською федерацією територій та частини територій, на яких ведуться (велися) бойові дії.",,2063160.8,2399423.8,3144459.8,2864159.0,2558277.4,1929328.3,1282031.3,2068009.6,3467290.6,3940696.6
Витрати на наукові дослідження і розробки,Херсонська,Усього,Річна,Гривня,Тисячі,Один,Конфіденційна статистична інформація,"1. Розрахунок показників темпів зростання/зниження здійснюється до попереднього року. 2. За 2014-2021 роки дані наведено без урахування тимчасово окупованої території Автономної Республіки Крим, м. Севастополя та частини тимчасово окупованих територій у Донецькій та Луганській областях. Починаючи з І кварталу 2022 року дані наведено без урахування тимчасово окупованих російською федерацією територій та частини територій, на яких ведуться (велися) бойові дії.","Дані не оприлюднюються з метою виконання вимог Закону України ""Про офіційну статистику"" щодо забезпечення гарантій органів державної статистики щодо статистичної конфіденційності та/або відповідно до Закону України ""Про захист інтересів суб’єктів подання звітності та інших документів у період дії воєнного стану або стану війни"".",48804.6,73601.9,81190.7,72220.1,81586.5,68701.4,,11766.6,11243.8,13917.0
Витрати на наукові дослідження і розробки,Хмельницька,Усього,Річна,Гривня,Тисячі,Один,Конфіденційна статистична інформація,"1. Розрахунок показників темпів зростання/зниження здійснюється до попереднього року. 2. За 2014-2021 роки дані наведено без урахування тимчасово окупованої території Автономної Республіки Крим, м. Севастополя та частини тимчасово окупованих територій у Донецькій та Луганській областях. Починаючи з І кварталу 2022 року дані наведено без урахування тимчасово окупованих російською федерацією територій та частини територій, на яких ведуться (велися) бойові дії.","Дані не оприлюднюються з метою виконання вимог Закону України ""Про офіційну статистику"" щодо забезпечення гарантій органів державної статистики щодо статистичної конфіденційності та/або відповідно до Закону України ""Про захист інтересів суб’єктів подання звітності та інших документів у період дії воєнного стану або стану війни"".",12959.2,17510.0,21286.9,19233.7,,,20897.6,,23250.8,32783.0
Витрати на наукові дослідження і розробки,Чернівецька,Усього,Річна,Гривня,Тисячі,Один,,"1. Розрахунок показників темпів зростання/зниження здійснюється до попереднього року. 2. За 2014-2021 роки дані наведено без урахування тимчасово окупованої території Автономної Республіки Крим, м. Севастополя та частини тимчасово окупованих територій у Донецькій та Луганській областях. Починаючи з І кварталу 2022 року дані наведено без урахування тимчасово окупованих російською федерацією територій та частини територій, на яких ведуться (велися) бойові дії.",,61275.9,68333.9,87928.1,105729.7,112105.9,134836.0,112487.1,167341.7,229727.2,289298.7
Витрати на наукові дослідження і розробки,Черкаська,Усього,Річна,Гривня,Тисячі,Один,,"1. Розрахунок показників темпів зростання/зниження здійснюється до попереднього року. 2. За 2014-2021 роки дані наведено без урахування тимчасово окупованої території Автономної Республіки Крим, м. Севастополя та частини тимчасово окупованих територій у Донецькій та Луганській областях. Починаючи з І кварталу 2022 року дані наведено без урахування тимчасово окупованих російською федерацією територій та частини територій, на яких ведуться (велися) бойові дії.",,118405.2,97350.6,98571.8,52040.2,75642.5,122302.1,66055.0,91930.4,124744.2,156266.0
Витрати на наукові дослідження і розробки,Київ,Усього,Річна,Гривня,Тисячі,Один,,"1. Розрахунок показників темпів зростання/зниження здійснюється до попереднього року. 2. За 2014-2021 роки дані наведено без урахування тимчасово окупованої території Автономної Республіки Крим, м. Севастополя та частини тимчасово окупованих територій у Донецькій та Луганській областях. Починаючи з І кварталу 2022 року дані наведено без урахування тимчасово окупованих російською федерацією територій та частини територій, на яких ведуться (велися) бойові дії.",,4991777.9,5665559.7,7718179.6,8306961.9,9115690.7,12225310.5,10523051.7,12929664.3,16732313.6,20904946.9
Витрати на наукові дослідження і розробки,Чернігівська,Усього,Річна,Гривня,Тисячі,Один,,"1. Розрахунок показників темпів зростання/зниження здійснюється до попереднього року. 2. За 2014-2021 роки дані наведено без урахування тимчасово окупованої території Автономної Республіки Крим, м. Севастополя та частини тимчасово окупованих територій у Донецькій та Луганській областях. Починаючи з І кварталу 2022 року дані наведено без урахування тимчасово окупованих російською федерацією територій та частини територій, на яких ведуться (велися) бойові дії.",,41902.0,44296.3,49238.5,46342.6,69910.9,78981.9,55041.9,111102.1,92674.9,143084.9
