"Показник","Територіальний розріз","Категорія розрізу","Вид економічної діяльності","Періодичність","Одиниця виміру","Масштабування","Кількість десяткових знаків","Спеціальне значення даних","Примітки набору даних","Примітки часового ряду","Примітки спостереження","2016","2017","2018","2019","2020","2021","2022","2023","2024","2025"
"Витрати на наукові дослідження і розробки","Україна","Види витрат","Усього","Річна","Гривня","Тисячі","Один","","1. Розрахунок показників темпів зростання/зниження здійснюється до попереднього року. 2. За 2014-2021 роки дані наведено без урахування тимчасово окупованої території Автономної Республіки Крим, м. Севастополя та частини тимчасово окупованих територій у Донецькій та Луганській областях. Починаючи з І кварталу 2022 року дані наведено без урахування тимчасово окупованих російською федерацією територій та частини територій, на яких ведуться (велися) бойові дії.","","","","","","","","20973775.2","17117836.2","21348062.6","28328170.6",""
"Витрати на наукові дослідження і розробки","Україна","Галузі наук","Усього","Річна","Гривня","Тисячі","Один","","1. Розрахунок показників темпів зростання/зниження здійснюється до попереднього року. 2. За 2014-2021 роки дані наведено без урахування тимчасово окупованої території Автономної Республіки Крим, м. Севастополя та частини тимчасово окупованих територій у Донецькій та Луганській областях. Починаючи з І кварталу 2022 року дані наведено без урахування тимчасово окупованих російською федерацією територій та частини територій, на яких ведуться (велися) бойові дії.","","","","","","17254629.7","17022419.3","20973775.2","17117836.2","21348062.6","28328170.6",""
"Витрати на наукові дослідження і розробки","Україна","Джерела фінансування","Усього","Річна","Гривня","Тисячі","Один","Конфіденційна статистична інформація","1. Розрахунок показників темпів зростання/зниження здійснюється до попереднього року. 2. За 2014-2021 роки дані наведено без урахування тимчасово окупованої території Автономної Республіки Крим, м. Севастополя та частини тимчасово окупованих територій у Донецькій та Луганській областях. Починаючи з І кварталу 2022 року дані наведено без урахування тимчасово окупованих російською федерацією територій та частини територій, на яких ведуться (велися) бойові дії.","","Дані не оприлюднюються з метою виконання вимог Закону України ""Про офіційну статистику"" щодо забезпечення гарантій органів державної статистики щодо статистичної конфіденційності та/або відповідно до Закону України ""Про захист інтересів суб’єктів подання звітності та інших документів у період дії воєнного стану або стану війни"".","","","","17254629.7","17022419.3","","17117836.2","21348062.6","28328170.6",""
"Витрати на наукові дослідження і розробки","Україна","Види досліджень і розробок","Усього","Річна","Гривня","Тисячі","Один","","1. Розрахунок показників темпів зростання/зниження здійснюється до попереднього року. 2. За 2014-2021 роки дані наведено без урахування тимчасово окупованої території Автономної Республіки Крим, м. Севастополя та частини тимчасово окупованих територій у Донецькій та Луганській областях. Починаючи з І кварталу 2022 року дані наведено без урахування тимчасово окупованих російською федерацією територій та частини територій, на яких ведуться (велися) бойові дії.","","","","13379292.4","16773724.5","17254629.7","17022419.3","20973775.2","17117836.2","21348062.6","28328170.6",""
"Витрати на наукові дослідження і розробки","Вінницька","Види досліджень і розробок","Усього","Річна","Гривня","Тисячі","Один","","1. Розрахунок показників темпів зростання/зниження здійснюється до попереднього року. 2. За 2014-2021 роки дані наведено без урахування тимчасово окупованої території Автономної Республіки Крим, м. Севастополя та частини тимчасово окупованих територій у Донецькій та Луганській областях. Починаючи з І кварталу 2022 року дані наведено без урахування тимчасово окупованих російською федерацією територій та частини територій, на яких ведуться (велися) бойові дії.","","","","","","39618.3","50756.2","","","","",""
"Витрати на наукові дослідження і розробки","Волинська","Галузі наук","Усього","Річна","Гривня","Тисячі","Один","","1. Розрахунок показників темпів зростання/зниження здійснюється до попереднього року. 2. За 2014-2021 роки дані наведено без урахування тимчасово окупованої території Автономної Республіки Крим, м. Севастополя та частини тимчасово окупованих територій у Донецькій та Луганській областях. Починаючи з І кварталу 2022 року дані наведено без урахування тимчасово окупованих російською федерацією територій та частини територій, на яких ведуться (велися) бойові дії.","","","","","","9948.3","9994.2","11303.4","10700","8743","11059.4",""
"Витрати на наукові дослідження і розробки","Україна","Усього","Усього","Річна","Гривня","Тисячі","Один","","1. Розрахунок показників темпів зростання/зниження здійснюється до попереднього року. 2. За 2014-2021 роки дані наведено без урахування тимчасово окупованої території Автономної Республіки Крим, м. Севастополя та частини тимчасово окупованих територій у Донецькій та Луганській областях. Починаючи з І кварталу 2022 року дані наведено без урахування тимчасово окупованих російською федерацією територій та частини територій, на яких ведуться (велися) бойові дії.","","","","13379292.4","16773724.5","17254629.7","17022419.3","20973775.2","17299525.9","22706834.3","28507986.6","34653554.4"
"Витрати на наукові дослідження і розробки","Волинська","Види витрат","Усього","Річна","Гривня","Тисячі","Один","","1. Розрахунок показників темпів зростання/зниження здійснюється до попереднього року. 2. За 2014-2021 роки дані наведено без урахування тимчасово окупованої території Автономної Республіки Крим, м. Севастополя та частини тимчасово окупованих територій у Донецькій та Луганській областях. Починаючи з І кварталу 2022 року дані наведено без урахування тимчасово окупованих російською федерацією територій та частини територій, на яких ведуться (велися) бойові дії.","","","","","","","","11303.4","10700","8743","11059.4",""
"Витрати на наукові дослідження і розробки","Волинська","Види досліджень і розробок","Усього","Річна","Гривня","Тисячі","Один","","1. Розрахунок показників темпів зростання/зниження здійснюється до попереднього року. 2. За 2014-2021 роки дані наведено без урахування тимчасово окупованої території Автономної Республіки Крим, м. Севастополя та частини тимчасово окупованих територій у Донецькій та Луганській областях. Починаючи з І кварталу 2022 року дані наведено без урахування тимчасово окупованих російською федерацією територій та частини територій, на яких ведуться (велися) бойові дії.","","","","","","9948.3","9994.2","","","","",""
"Витрати на наукові дослідження і розробки","Автономна Республіка Крим","Джерела фінансування","Усього","Річна","Гривня","Тисячі","Один","","1. Розрахунок показників темпів зростання/зниження здійснюється до попереднього року. 2. За 2014-2021 роки дані наведено без урахування тимчасово окупованої території Автономної Республіки Крим, м. Севастополя та частини тимчасово окупованих територій у Донецькій та Луганській областях. Починаючи з І кварталу 2022 року дані наведено без урахування тимчасово окупованих російською федерацією територій та частини територій, на яких ведуться (велися) бойові дії.","","Інформація відсутня.","","","","","","","","","",""
"Витрати на наукові дослідження і розробки","Автономна Республіка Крим","Галузі наук","Усього","Річна","Гривня","Тисячі","Один","","1. Розрахунок показників темпів зростання/зниження здійснюється до попереднього року. 2. За 2014-2021 роки дані наведено без урахування тимчасово окупованої території Автономної Республіки Крим, м. Севастополя та частини тимчасово окупованих територій у Донецькій та Луганській областях. Починаючи з І кварталу 2022 року дані наведено без урахування тимчасово окупованих російською федерацією територій та частини територій, на яких ведуться (велися) бойові дії.","","Інформація відсутня.","","","","","","","","","",""
"Витрати на наукові дослідження і розробки","Вінницька","Усього","Усього","Річна","Гривня","Тисячі","Один","","1. Розрахунок показників темпів зростання/зниження здійснюється до попереднього року. 2. За 2014-2021 роки дані наведено без урахування тимчасово окупованої території Автономної Республіки Крим, м. Севастополя та частини тимчасово окупованих територій у Донецькій та Луганській областях. Починаючи з І кварталу 2022 року дані наведено без урахування тимчасово окупованих російською федерацією територій та частини територій, на яких ведуться (велися) бойові дії.","","","39473.3","44803","49056.2","39618.3","50756.2","67545.9","76777.3","80908.3","120454.5","142229.4"
"Витрати на наукові дослідження і розробки","Вінницька","Джерела фінансування","Усього","Річна","Гривня","Тисячі","Один","","1. Розрахунок показників темпів зростання/зниження здійснюється до попереднього року. 2. За 2014-2021 роки дані наведено без урахування тимчасово окупованої території Автономної Республіки Крим, м. Севастополя та частини тимчасово окупованих територій у Донецькій та Луганській областях. Починаючи з І кварталу 2022 року дані наведено без урахування тимчасово окупованих російською федерацією територій та частини територій, на яких ведуться (велися) бойові дії.","","","","","","39618.3","50756.2","67545.9","76777.3","80908.3","120454.5",""
"Витрати на наукові дослідження і розробки","Вінницька","Галузі наук","Усього","Річна","Гривня","Тисячі","Один","","1. Розрахунок показників темпів зростання/зниження здійснюється до попереднього року. 2. За 2014-2021 роки дані наведено без урахування тимчасово окупованої території Автономної Республіки Крим, м. Севастополя та частини тимчасово окупованих територій у Донецькій та Луганській областях. Починаючи з І кварталу 2022 року дані наведено без урахування тимчасово окупованих російською федерацією територій та частини територій, на яких ведуться (велися) бойові дії.","","","","","","39618.3","50756.2","67545.9","76777.3","80908.3","120454.5",""
"Витрати на наукові дослідження і розробки","Вінницька","Види витрат","Усього","Річна","Гривня","Тисячі","Один","","1. Розрахунок показників темпів зростання/зниження здійснюється до попереднього року. 2. За 2014-2021 роки дані наведено без урахування тимчасово окупованої території Автономної Республіки Крим, м. Севастополя та частини тимчасово окупованих територій у Донецькій та Луганській областях. Починаючи з І кварталу 2022 року дані наведено без урахування тимчасово окупованих російською федерацією територій та частини територій, на яких ведуться (велися) бойові дії.","","","","","","","","67545.9","76777.3","80908.3","120454.5",""
"Витрати на наукові дослідження і розробки","Автономна Республіка Крим","Види досліджень і розробок","Усього","Річна","Гривня","Тисячі","Один","","1. Розрахунок показників темпів зростання/зниження здійснюється до попереднього року. 2. За 2014-2021 роки дані наведено без урахування тимчасово окупованої території Автономної Республіки Крим, м. Севастополя та частини тимчасово окупованих територій у Донецькій та Луганській областях. Починаючи з І кварталу 2022 року дані наведено без урахування тимчасово окупованих російською федерацією територій та частини територій, на яких ведуться (велися) бойові дії.","","Інформація відсутня.","","","","","","","","","",""
"Витрати на наукові дослідження і розробки","Волинська","Джерела фінансування","Усього","Річна","Гривня","Тисячі","Один","","1. Розрахунок показників темпів зростання/зниження здійснюється до попереднього року. 2. За 2014-2021 роки дані наведено без урахування тимчасово окупованої території Автономної Республіки Крим, м. Севастополя та частини тимчасово окупованих територій у Донецькій та Луганській областях. Починаючи з І кварталу 2022 року дані наведено без урахування тимчасово окупованих російською федерацією територій та частини територій, на яких ведуться (велися) бойові дії.","","","","","","9948.3","9994.2","11303.4","10700","8743","11059.4",""
"Витрати на наукові дослідження і розробки","Житомирська","Види витрат","Усього","Річна","Гривня","Тисячі","Один","","1. Розрахунок показників темпів зростання/зниження здійснюється до попереднього року. 2. За 2014-2021 роки дані наведено без урахування тимчасово окупованої території Автономної Республіки Крим, м. Севастополя та частини тимчасово окупованих територій у Донецькій та Луганській областях. Починаючи з І кварталу 2022 року дані наведено без урахування тимчасово окупованих російською федерацією територій та частини територій, на яких ведуться (велися) бойові дії.","","","","","","","","26893.5","30544","29446.1","30799.9",""
"Витрати на наукові дослідження і розробки","Волинська","Усього","Усього","Річна","Гривня","Тисячі","Один","","1. Розрахунок показників темпів зростання/зниження здійснюється до попереднього року. 2. За 2014-2021 роки дані наведено без урахування тимчасово окупованої території Автономної Республіки Крим, м. Севастополя та частини тимчасово окупованих територій у Донецькій та Луганській областях. Починаючи з І кварталу 2022 року дані наведено без урахування тимчасово окупованих російською федерацією територій та частини територій, на яких ведуться (велися) бойові дії.","","","13604.1","18414.9","18434.7","9948.3","9994.2","11303.4","10700","8743","11059.4","15130"
"Витрати на наукові дослідження і розробки","Дніпропетровська","Джерела фінансування","Усього","Річна","Гривня","Тисячі","Один","","1. Розрахунок показників темпів зростання/зниження здійснюється до попереднього року. 2. За 2014-2021 роки дані наведено без урахування тимчасово окупованої території Автономної Республіки Крим, м. Севастополя та частини тимчасово окупованих територій у Донецькій та Луганській областях. Починаючи з І кварталу 2022 року дані наведено без урахування тимчасово окупованих російською федерацією територій та частини територій, на яких ведуться (велися) бойові дії.","","","","","","2310005.4","1511469.5","2091685.3","1831110.3","3478511.9","2770319.5",""
"Витрати на наукові дослідження і розробки","Дніпропетровська","Галузі наук","Усього","Річна","Гривня","Тисячі","Один","","1. Розрахунок показників темпів зростання/зниження здійснюється до попереднього року. 2. За 2014-2021 роки дані наведено без урахування тимчасово окупованої території Автономної Республіки Крим, м. Севастополя та частини тимчасово окупованих територій у Донецькій та Луганській областях. Починаючи з І кварталу 2022 року дані наведено без урахування тимчасово окупованих російською федерацією територій та частини територій, на яких ведуться (велися) бойові дії.","","","","","","2310005.4","1511469.5","2091685.3","1831110.3","3478511.9","2770319.5",""
"Витрати на наукові дослідження і розробки","Житомирська","Галузі наук","Усього","Річна","Гривня","Тисячі","Один","","1. Розрахунок показників темпів зростання/зниження здійснюється до попереднього року. 2. За 2014-2021 роки дані наведено без урахування тимчасово окупованої території Автономної Республіки Крим, м. Севастополя та частини тимчасово окупованих територій у Донецькій та Луганській областях. Починаючи з І кварталу 2022 року дані наведено без урахування тимчасово окупованих російською федерацією територій та частини територій, на яких ведуться (велися) бойові дії.","","","","","","26372.1","26062.2","26893.5","30544","29446.1","30799.9",""
"Витрати на наукові дослідження і розробки","Донецька","Усього","Усього","Річна","Гривня","Тисячі","Один","","1. Розрахунок показників темпів зростання/зниження здійснюється до попереднього року. 2. За 2014-2021 роки дані наведено без урахування тимчасово окупованої території Автономної Республіки Крим, м. Севастополя та частини тимчасово окупованих територій у Донецькій та Луганській областях. Починаючи з І кварталу 2022 року дані наведено без урахування тимчасово окупованих російською федерацією територій та частини територій, на яких ведуться (велися) бойові дії.","","","18902.8","13244.9","16235.9","32503.1","22316.2","37763","21562.7","21879.5","28924.8","24930.2"
"Витрати на наукові дослідження і розробки","Житомирська","Джерела фінансування","Усього","Річна","Гривня","Тисячі","Один","","1. Розрахунок показників темпів зростання/зниження здійснюється до попереднього року. 2. За 2014-2021 роки дані наведено без урахування тимчасово окупованої території Автономної Республіки Крим, м. Севастополя та частини тимчасово окупованих територій у Донецькій та Луганській областях. Починаючи з І кварталу 2022 року дані наведено без урахування тимчасово окупованих російською федерацією територій та частини територій, на яких ведуться (велися) бойові дії.","","","","","","26372.1","26062.2","26893.5","30544","29446.1","30799.9",""
"Витрати на наукові дослідження і розробки","Дніпропетровська","Усього","Усього","Річна","Гривня","Тисячі","Один","","1. Розрахунок показників темпів зростання/зниження здійснюється до попереднього року. 2. За 2014-2021 роки дані наведено без урахування тимчасово окупованої території Автономної Республіки Крим, м. Севастополя та частини тимчасово окупованих територій у Донецькій та Луганській областях. Починаючи з І кварталу 2022 року дані наведено без урахування тимчасово окупованих російською федерацією територій та частини територій, на яких ведуться (велися) бойові дії.","","","1843750.8","2261934.6","2029774.4","2310005.4","1511469.5","2091685.3","1831110.3","3478511.9","2770319.5","3479284.7"
"Витрати на наукові дослідження і розробки","Донецька","Галузі наук","Усього","Річна","Гривня","Тисячі","Один","","1. Розрахунок показників темпів зростання/зниження здійснюється до попереднього року. 2. За 2014-2021 роки дані наведено без урахування тимчасово окупованої території Автономної Республіки Крим, м. Севастополя та частини тимчасово окупованих територій у Донецькій та Луганській областях. Починаючи з І кварталу 2022 року дані наведено без урахування тимчасово окупованих російською федерацією територій та частини територій, на яких ведуться (велися) бойові дії.","","","","","","32503.1","22316.2","37763","21562.7","21879.5","28924.8",""
"Витрати на наукові дослідження і розробки","Житомирська","Види досліджень і розробок","Усього","Річна","Гривня","Тисячі","Один","","1. Розрахунок показників темпів зростання/зниження здійснюється до попереднього року. 2. За 2014-2021 роки дані наведено без урахування тимчасово окупованої території Автономної Республіки Крим, м. Севастополя та частини тимчасово окупованих територій у Донецькій та Луганській областях. Починаючи з І кварталу 2022 року дані наведено без урахування тимчасово окупованих російською федерацією територій та частини територій, на яких ведуться (велися) бойові дії.","","","","","","26372.1","26062.2","","","","",""
"Витрати на наукові дослідження і розробки","Донецька","Види досліджень і розробок","Усього","Річна","Гривня","Тисячі","Один","","1. Розрахунок показників темпів зростання/зниження здійснюється до попереднього року. 2. За 2014-2021 роки дані наведено без урахування тимчасово окупованої території Автономної Республіки Крим, м. Севастополя та частини тимчасово окупованих територій у Донецькій та Луганській областях. Починаючи з І кварталу 2022 року дані наведено без урахування тимчасово окупованих російською федерацією територій та частини територій, на яких ведуться (велися) бойові дії.","","","","","","32503.1","22316.2","","","","",""
"Витрати на наукові дослідження і розробки","Донецька","Джерела фінансування","Усього","Річна","Гривня","Тисячі","Один","","1. Розрахунок показників темпів зростання/зниження здійснюється до попереднього року. 2. За 2014-2021 роки дані наведено без урахування тимчасово окупованої території Автономної Республіки Крим, м. Севастополя та частини тимчасово окупованих територій у Донецькій та Луганській областях. Починаючи з І кварталу 2022 року дані наведено без урахування тимчасово окупованих російською федерацією територій та частини територій, на яких ведуться (велися) бойові дії.","","","","","","32503.1","22316.2","37763","21562.7","21879.5","28924.8",""
"Витрати на наукові дослідження і розробки","Донецька","Види витрат","Усього","Річна","Гривня","Тисячі","Один","","1. Розрахунок показників темпів зростання/зниження здійснюється до попереднього року. 2. За 2014-2021 роки дані наведено без урахування тимчасово окупованої території Автономної Республіки Крим, м. Севастополя та частини тимчасово окупованих територій у Донецькій та Луганській областях. Починаючи з І кварталу 2022 року дані наведено без урахування тимчасово окупованих російською федерацією територій та частини територій, на яких ведуться (велися) бойові дії.","","","","","","","","37763","21562.7","21879.5","28924.8",""
"Витрати на наукові дослідження і розробки","Дніпропетровська","Види витрат","Усього","Річна","Гривня","Тисячі","Один","","1. Розрахунок показників темпів зростання/зниження здійснюється до попереднього року. 2. За 2014-2021 роки дані наведено без урахування тимчасово окупованої території Автономної Республіки Крим, м. Севастополя та частини тимчасово окупованих територій у Донецькій та Луганській областях. Починаючи з І кварталу 2022 року дані наведено без урахування тимчасово окупованих російською федерацією територій та частини територій, на яких ведуться (велися) бойові дії.","","","","","","","","2091685.3","1831110.3","3478511.9","2770319.5",""
"Витрати на наукові дослідження і розробки","Дніпропетровська","Види досліджень і розробок","Усього","Річна","Гривня","Тисячі","Один","","1. Розрахунок показників темпів зростання/зниження здійснюється до попереднього року. 2. За 2014-2021 роки дані наведено без урахування тимчасово окупованої території Автономної Республіки Крим, м. Севастополя та частини тимчасово окупованих територій у Донецькій та Луганській областях. Починаючи з І кварталу 2022 року дані наведено без урахування тимчасово окупованих російською федерацією територій та частини територій, на яких ведуться (велися) бойові дії.","","","","","","2310005.4","1511469.5","","","","",""
"Витрати на наукові дослідження і розробки","Житомирська","Усього","Усього","Річна","Гривня","Тисячі","Один","","1. Розрахунок показників темпів зростання/зниження здійснюється до попереднього року. 2. За 2014-2021 роки дані наведено без урахування тимчасово окупованої території Автономної Республіки Крим, м. Севастополя та частини тимчасово окупованих територій у Донецькій та Луганській областях. Починаючи з І кварталу 2022 року дані наведено без урахування тимчасово окупованих російською федерацією територій та частини територій, на яких ведуться (велися) бойові дії.","","","21360.5","28098.6","30654.6","26372.1","26062.2","26893.5","30544","29446.1","30799.9","54388.5"
"Витрати на наукові дослідження і розробки","Івано-Франківська","Види витрат","Усього","Річна","Гривня","Тисячі","Один","","1. Розрахунок показників темпів зростання/зниження здійснюється до попереднього року. 2. За 2014-2021 роки дані наведено без урахування тимчасово окупованої території Автономної Республіки Крим, м. Севастополя та частини тимчасово окупованих територій у Донецькій та Луганській областях. Починаючи з І кварталу 2022 року дані наведено без урахування тимчасово окупованих російською федерацією територій та частини територій, на яких ведуться (велися) бойові дії.","","","","","","","","58583.6","39571.6","51164.9","116601",""
"Витрати на наукові дослідження і розробки","Закарпатська","Усього","Усього","Річна","Гривня","Тисячі","Один","","1. Розрахунок показників темпів зростання/зниження здійснюється до попереднього року. 2. За 2014-2021 роки дані наведено без урахування тимчасово окупованої території Автономної Республіки Крим, м. Севастополя та частини тимчасово окупованих територій у Донецькій та Луганській областях. Починаючи з І кварталу 2022 року дані наведено без урахування тимчасово окупованих російською федерацією територій та частини територій, на яких ведуться (велися) бойові дії.","","","46430","55241.8","75107.8","77694.5","84933.8","117755.7","83428.3","72042.4","127380.8","145099.2"
"Витрати на наукові дослідження і розробки","Івано-Франківська","Галузі наук","Усього","Річна","Гривня","Тисячі","Один","","1. Розрахунок показників темпів зростання/зниження здійснюється до попереднього року. 2. За 2014-2021 роки дані наведено без урахування тимчасово окупованої території Автономної Республіки Крим, м. Севастополя та частини тимчасово окупованих територій у Донецькій та Луганській областях. Починаючи з І кварталу 2022 року дані наведено без урахування тимчасово окупованих російською федерацією територій та частини територій, на яких ведуться (велися) бойові дії.","","","","","","42107.7","50990.2","58583.6","39571.6","51164.9","116601",""
"Витрати на наукові дослідження і розробки","Запорізька","Види досліджень і розробок","Усього","Річна","Гривня","Тисячі","Один","Конфіденційна статистична інформація","1. Розрахунок показників темпів зростання/зниження здійснюється до попереднього року. 2. За 2014-2021 роки дані наведено без урахування тимчасово окупованої території Автономної Республіки Крим, м. Севастополя та частини тимчасово окупованих територій у Донецькій та Луганській областях. Починаючи з І кварталу 2022 року дані наведено без урахування тимчасово окупованих російською федерацією територій та частини територій, на яких ведуться (велися) бойові дії.","","Дані не оприлюднюються з метою виконання вимог Закону України ""Про офіційну статистику"" щодо забезпечення гарантій органів державної статистики щодо статистичної конфіденційності та/або відповідно до Закону України ""Про захист інтересів суб’єктів подання звітності та інших документів у період дії воєнного стану або стану війни"".","","","","1538450","","","","","",""
"Витрати на наукові дослідження і розробки","Запорізька","Джерела фінансування","Усього","Річна","Гривня","Тисячі","Один","Конфіденційна статистична інформація","1. Розрахунок показників темпів зростання/зниження здійснюється до попереднього року. 2. За 2014-2021 роки дані наведено без урахування тимчасово окупованої території Автономної Республіки Крим, м. Севастополя та частини тимчасово окупованих територій у Донецькій та Луганській областях. Починаючи з І кварталу 2022 року дані наведено без урахування тимчасово окупованих російською федерацією територій та частини територій, на яких ведуться (велися) бойові дії.","","Дані не оприлюднюються з метою виконання вимог Закону України ""Про офіційну статистику"" щодо забезпечення гарантій органів державної статистики щодо статистичної конфіденційності та/або відповідно до Закону України ""Про захист інтересів суб’єктів подання звітності та інших документів у період дії воєнного стану або стану війни"".","","","","1538450","","","","","",""
"Витрати на наукові дослідження і розробки","Запорізька","Види витрат","Усього","Річна","Гривня","Тисячі","Один","Конфіденційна статистична інформація","1. Розрахунок показників темпів зростання/зниження здійснюється до попереднього року. 2. За 2014-2021 роки дані наведено без урахування тимчасово окупованої території Автономної Республіки Крим, м. Севастополя та частини тимчасово окупованих територій у Донецькій та Луганській областях. Починаючи з І кварталу 2022 року дані наведено без урахування тимчасово окупованих російською федерацією територій та частини територій, на яких ведуться (велися) бойові дії.","","Дані не оприлюднюються з метою виконання вимог Закону України ""Про офіційну статистику"" щодо забезпечення гарантій органів державної статистики щодо статистичної конфіденційності та/або відповідно до Закону України ""Про захист інтересів суб’єктів подання звітності та інших документів у період дії воєнного стану або стану війни"".","","","","","","","","","",""
"Витрати на наукові дослідження і розробки","Івано-Франківська","Джерела фінансування","Усього","Річна","Гривня","Тисячі","Один","","1. Розрахунок показників темпів зростання/зниження здійснюється до попереднього року. 2. За 2014-2021 роки дані наведено без урахування тимчасово окупованої території Автономної Республіки Крим, м. Севастополя та частини тимчасово окупованих територій у Донецькій та Луганській областях. Починаючи з І кварталу 2022 року дані наведено без урахування тимчасово окупованих російською федерацією територій та частини територій, на яких ведуться (велися) бойові дії.","","","","","","42107.7","50990.2","58583.6","39571.6","51164.9","116601",""
"Витрати на наукові дослідження і розробки","Закарпатська","Галузі наук","Усього","Річна","Гривня","Тисячі","Один","","1. Розрахунок показників темпів зростання/зниження здійснюється до попереднього року. 2. За 2014-2021 роки дані наведено без урахування тимчасово окупованої території Автономної Республіки Крим, м. Севастополя та частини тимчасово окупованих територій у Донецькій та Луганській областях. Починаючи з І кварталу 2022 року дані наведено без урахування тимчасово окупованих російською федерацією територій та частини територій, на яких ведуться (велися) бойові дії.","","","","","","77694.5","84933.8","117755.7","83428.3","72042.4","127380.8",""
"Витрати на наукові дослідження і розробки","Запорізька","Усього","Усього","Річна","Гривня","Тисячі","Один","Конфіденційна статистична інформація","1. Розрахунок показників темпів зростання/зниження здійснюється до попереднього року. 2. За 2014-2021 роки дані наведено без урахування тимчасово окупованої території Автономної Республіки Крим, м. Севастополя та частини тимчасово окупованих територій у Донецькій та Луганській областях. Починаючи з І кварталу 2022 року дані наведено без урахування тимчасово окупованих російською федерацією територій та частини територій, на яких ведуться (велися) бойові дії.","","Дані не оприлюднюються з метою виконання вимог Закону України ""Про офіційну статистику"" щодо забезпечення гарантій органів державної статистики щодо статистичної конфіденційності та/або відповідно до Закону України ""Про захист інтересів суб’єктів подання звітності та інших документів у період дії воєнного стану або стану війни"".","712401.9","914062.4","1387903.5","1538450","","","","","",""
"Витрати на наукові дослідження і розробки","Закарпатська","Види витрат","Усього","Річна","Гривня","Тисячі","Один","","1. Розрахунок показників темпів зростання/зниження здійснюється до попереднього року. 2. За 2014-2021 роки дані наведено без урахування тимчасово окупованої території Автономної Республіки Крим, м. Севастополя та частини тимчасово окупованих територій у Донецькій та Луганській областях. Починаючи з І кварталу 2022 року дані наведено без урахування тимчасово окупованих російською федерацією територій та частини територій, на яких ведуться (велися) бойові дії.","","","","","","","","117755.7","83428.3","72042.4","127380.8",""
"Витрати на наукові дослідження і розробки","Івано-Франківська","Види досліджень і розробок","Усього","Річна","Гривня","Тисячі","Один","","1. Розрахунок показників темпів зростання/зниження здійснюється до попереднього року. 2. За 2014-2021 роки дані наведено без урахування тимчасово окупованої території Автономної Республіки Крим, м. Севастополя та частини тимчасово окупованих територій у Донецькій та Луганській областях. Починаючи з І кварталу 2022 року дані наведено без урахування тимчасово окупованих російською федерацією територій та частини територій, на яких ведуться (велися) бойові дії.","","","","","","42107.7","50990.2","","","","",""
"Витрати на наукові дослідження і розробки","Закарпатська","Джерела фінансування","Усього","Річна","Гривня","Тисячі","Один","","1. Розрахунок показників темпів зростання/зниження здійснюється до попереднього року. 2. За 2014-2021 роки дані наведено без урахування тимчасово окупованої території Автономної Республіки Крим, м. Севастополя та частини тимчасово окупованих територій у Донецькій та Луганській областях. Починаючи з І кварталу 2022 року дані наведено без урахування тимчасово окупованих російською федерацією територій та частини територій, на яких ведуться (велися) бойові дії.","","","","","","77694.5","84933.8","117755.7","83428.3","72042.4","127380.8",""
"Витрати на наукові дослідження і розробки","Запорізька","Галузі наук","Усього","Річна","Гривня","Тисячі","Один","Конфіденційна статистична інформація","1. Розрахунок показників темпів зростання/зниження здійснюється до попереднього року. 2. За 2014-2021 роки дані наведено без урахування тимчасово окупованої території Автономної Республіки Крим, м. Севастополя та частини тимчасово окупованих територій у Донецькій та Луганській областях. Починаючи з І кварталу 2022 року дані наведено без урахування тимчасово окупованих російською федерацією територій та частини територій, на яких ведуться (велися) бойові дії.","","Дані не оприлюднюються з метою виконання вимог Закону України ""Про офіційну статистику"" щодо забезпечення гарантій органів державної статистики щодо статистичної конфіденційності та/або відповідно до Закону України ""Про захист інтересів суб’єктів подання звітності та інших документів у період дії воєнного стану або стану війни"".","","","","1538450","","","","","",""
"Витрати на наукові дослідження і розробки","Івано-Франківська","Усього","Усього","Річна","Гривня","Тисячі","Один","","1. Розрахунок показників темпів зростання/зниження здійснюється до попереднього року. 2. За 2014-2021 роки дані наведено без урахування тимчасово окупованої території Автономної Республіки Крим, м. Севастополя та частини тимчасово окупованих територій у Донецькій та Луганській областях. Починаючи з І кварталу 2022 року дані наведено без урахування тимчасово окупованих російською федерацією територій та частини територій, на яких ведуться (велися) бойові дії.","","","20325.8","28051.2","47914.5","42107.7","50990.2","58583.6","39571.6","51164.9","116601","147482.9"
"Витрати на наукові дослідження і розробки","Закарпатська","Види досліджень і розробок","Усього","Річна","Гривня","Тисячі","Один","","1. Розрахунок показників темпів зростання/зниження здійснюється до попереднього року. 2. За 2014-2021 роки дані наведено без урахування тимчасово окупованої території Автономної Республіки Крим, м. Севастополя та частини тимчасово окупованих територій у Донецькій та Луганській областях. Починаючи з І кварталу 2022 року дані наведено без урахування тимчасово окупованих російською федерацією територій та частини територій, на яких ведуться (велися) бойові дії.","","","","","","77694.5","84933.8","","","","",""
"Витрати на наукові дослідження і розробки","Київська","Види витрат","Усього","Річна","Гривня","Тисячі","Один","","1. Розрахунок показників темпів зростання/зниження здійснюється до попереднього року. 2. За 2014-2021 роки дані наведено без урахування тимчасово окупованої території Автономної Республіки Крим, м. Севастополя та частини тимчасово окупованих територій у Донецькій та Луганській областях. Починаючи з І кварталу 2022 року дані наведено без урахування тимчасово окупованих російською федерацією територій та частини територій, на яких ведуться (велися) бойові дії.","","","","","","","","328171.3","285042.7","319401.9","431343.4",""
"Витрати на наукові дослідження і розробки","Кіровоградська","Види витрат","Усього","Річна","Гривня","Тисячі","Один","Конфіденційна статистична інформація","1. Розрахунок показників темпів зростання/зниження здійснюється до попереднього року. 2. За 2014-2021 роки дані наведено без урахування тимчасово окупованої території Автономної Республіки Крим, м. Севастополя та частини тимчасово окупованих територій у Донецькій та Луганській областях. Починаючи з І кварталу 2022 року дані наведено без урахування тимчасово окупованих російською федерацією територій та частини територій, на яких ведуться (велися) бойові дії.","","Дані не оприлюднюються з метою виконання вимог Закону України ""Про офіційну статистику"" щодо забезпечення гарантій органів державної статистики щодо статистичної конфіденційності та/або відповідно до Закону України ""Про захист інтересів суб’єктів подання звітності та інших документів у період дії воєнного стану або стану війни"".","","","","","","13069.9","","","",""
"Витрати на наукові дослідження і розробки","Кіровоградська","Усього","Усього","Річна","Гривня","Тисячі","Один","Конфіденційна статистична інформація","1. Розрахунок показників темпів зростання/зниження здійснюється до попереднього року. 2. За 2014-2021 роки дані наведено без урахування тимчасово окупованої території Автономної Республіки Крим, м. Севастополя та частини тимчасово окупованих територій у Донецькій та Луганській областях. Починаючи з І кварталу 2022 року дані наведено без урахування тимчасово окупованих російською федерацією територій та частини територій, на яких ведуться (велися) бойові дії.","","Дані не оприлюднюються з метою виконання вимог Закону України ""Про офіційну статистику"" щодо забезпечення гарантій органів державної статистики щодо статистичної конфіденційності та/або відповідно до Закону України ""Про захист інтересів суб’єктів подання звітності та інших документів у період дії воєнного стану або стану війни"".","74614.5","75619.7","100762.4","24873.6","21002.8","13069.9","","","",""
"Витрати на наукові дослідження і розробки","Київська","Усього","Усього","Річна","Гривня","Тисячі","Один","","1. Розрахунок показників темпів зростання/зниження здійснюється до попереднього року. 2. За 2014-2021 роки дані наведено без урахування тимчасово окупованої території Автономної Республіки Крим, м. Севастополя та частини тимчасово окупованих територій у Донецькій та Луганській областях. Починаючи з І кварталу 2022 року дані наведено без урахування тимчасово окупованих російською федерацією територій та частини територій, на яких ведуться (велися) бойові дії.","","","274177.9","299219.3","410794.7","417736","355376.7","328171.3","285042.7","319401.9","431343.4","475689.5"
"Витрати на наукові дослідження і розробки","Луганська","Усього","Усього","Річна","Гривня","Тисячі","Один","Конфіденційна статистична інформація","1. Розрахунок показників темпів зростання/зниження здійснюється до попереднього року. 2. За 2014-2021 роки дані наведено без урахування тимчасово окупованої території Автономної Республіки Крим, м. Севастополя та частини тимчасово окупованих територій у Донецькій та Луганській областях. Починаючи з І кварталу 2022 року дані наведено без урахування тимчасово окупованих російською федерацією територій та частини територій, на яких ведуться (велися) бойові дії.","","Дані не оприлюднюються з метою виконання вимог Закону України ""Про офіційну статистику"" щодо забезпечення гарантій органів державної статистики щодо статистичної конфіденційності та/або відповідно до Закону України ""Про захист інтересів суб’єктів подання звітності та інших документів у період дії воєнного стану або стану війни"".","23577.7","29332.4","36880.6","39288.4","31025.4","13677.1","","","",""
"Витрати на наукові дослідження і розробки","Кіровоградська","Джерела фінансування","Усього","Річна","Гривня","Тисячі","Один","Конфіденційна статистична інформація","1. Розрахунок показників темпів зростання/зниження здійснюється до попереднього року. 2. За 2014-2021 роки дані наведено без урахування тимчасово окупованої території Автономної Республіки Крим, м. Севастополя та частини тимчасово окупованих територій у Донецькій та Луганській областях. Починаючи з І кварталу 2022 року дані наведено без урахування тимчасово окупованих російською федерацією територій та частини територій, на яких ведуться (велися) бойові дії.","","Дані не оприлюднюються з метою виконання вимог Закону України ""Про офіційну статистику"" щодо забезпечення гарантій органів державної статистики щодо статистичної конфіденційності та/або відповідно до Закону України ""Про захист інтересів суб’єктів подання звітності та інших документів у період дії воєнного стану або стану війни"".","","","","24873.6","21002.8","13069.9","","","",""
"Витрати на наукові дослідження і розробки","Кіровоградська","Галузі наук","Усього","Річна","Гривня","Тисячі","Один","Конфіденційна статистична інформація","1. Розрахунок показників темпів зростання/зниження здійснюється до попереднього року. 2. За 2014-2021 роки дані наведено без урахування тимчасово окупованої території Автономної Республіки Крим, м. Севастополя та частини тимчасово окупованих територій у Донецькій та Луганській областях. Починаючи з І кварталу 2022 року дані наведено без урахування тимчасово окупованих російською федерацією територій та частини територій, на яких ведуться (велися) бойові дії.","","Дані не оприлюднюються з метою виконання вимог Закону України ""Про офіційну статистику"" щодо забезпечення гарантій органів державної статистики щодо статистичної конфіденційності та/або відповідно до Закону України ""Про захист інтересів суб’єктів подання звітності та інших документів у період дії воєнного стану або стану війни"".","","","","24873.6","21002.8","13069.9","","","",""
"Витрати на наукові дослідження і розробки","Київська","Галузі наук","Усього","Річна","Гривня","Тисячі","Один","","1. Розрахунок показників темпів зростання/зниження здійснюється до попереднього року. 2. За 2014-2021 роки дані наведено без урахування тимчасово окупованої території Автономної Республіки Крим, м. Севастополя та частини тимчасово окупованих територій у Донецькій та Луганській областях. Починаючи з І кварталу 2022 року дані наведено без урахування тимчасово окупованих російською федерацією територій та частини територій, на яких ведуться (велися) бойові дії.","","","","","","417736","355376.7","328171.3","285042.7","319401.9","431343.4",""
"Витрати на наукові дослідження і розробки","Луганська","Види витрат","Усього","Річна","Гривня","Тисячі","Один","Конфіденційна статистична інформація","1. Розрахунок показників темпів зростання/зниження здійснюється до попереднього року. 2. За 2014-2021 роки дані наведено без урахування тимчасово окупованої території Автономної Республіки Крим, м. Севастополя та частини тимчасово окупованих територій у Донецькій та Луганській областях. Починаючи з І кварталу 2022 року дані наведено без урахування тимчасово окупованих російською федерацією територій та частини територій, на яких ведуться (велися) бойові дії.","","Дані не оприлюднюються з метою виконання вимог Закону України ""Про офіційну статистику"" щодо забезпечення гарантій органів державної статистики щодо статистичної конфіденційності та/або відповідно до Закону України ""Про захист інтересів суб’єктів подання звітності та інших документів у період дії воєнного стану або стану війни"".","","","","","","13677.1","","","",""
"Витрати на наукові дослідження і розробки","Луганська","Галузі наук","Усього","Річна","Гривня","Тисячі","Один","Конфіденційна статистична інформація","1. Розрахунок показників темпів зростання/зниження здійснюється до попереднього року. 2. За 2014-2021 роки дані наведено без урахування тимчасово окупованої території Автономної Республіки Крим, м. Севастополя та частини тимчасово окупованих територій у Донецькій та Луганській областях. Починаючи з І кварталу 2022 року дані наведено без урахування тимчасово окупованих російською федерацією територій та частини територій, на яких ведуться (велися) бойові дії.","","Дані не оприлюднюються з метою виконання вимог Закону України ""Про офіційну статистику"" щодо забезпечення гарантій органів державної статистики щодо статистичної конфіденційності та/або відповідно до Закону України ""Про захист інтересів суб’єктів подання звітності та інших документів у період дії воєнного стану або стану війни"".","","","","39288.4","31025.4","13677.1","","","",""
"Витрати на наукові дослідження і розробки","Львівська","Види витрат","Усього","Річна","Гривня","Тисячі","Один","","1. Розрахунок показників темпів зростання/зниження здійснюється до попереднього року. 2. За 2014-2021 роки дані наведено без урахування тимчасово окупованої території Автономної Республіки Крим, м. Севастополя та частини тимчасово окупованих територій у Донецькій та Луганській областях. Починаючи з І кварталу 2022 року дані наведено без урахування тимчасово окупованих російською федерацією територій та частини територій, на яких ведуться (велися) бойові дії.","","","","","","","","660957.3","512476.8","640245.1","828918.9",""
"Витрати на наукові дослідження і розробки","Київська","Види досліджень і розробок","Усього","Річна","Гривня","Тисячі","Один","","1. Розрахунок показників темпів зростання/зниження здійснюється до попереднього року. 2. За 2014-2021 роки дані наведено без урахування тимчасово окупованої території Автономної Республіки Крим, м. Севастополя та частини тимчасово окупованих територій у Донецькій та Луганській областях. Починаючи з І кварталу 2022 року дані наведено без урахування тимчасово окупованих російською федерацією територій та частини територій, на яких ведуться (велися) бойові дії.","","","","","","417736","355376.7","","","","",""
"Витрати на наукові дослідження і розробки","Київська","Джерела фінансування","Усього","Річна","Гривня","Тисячі","Один","","1. Розрахунок показників темпів зростання/зниження здійснюється до попереднього року. 2. За 2014-2021 роки дані наведено без урахування тимчасово окупованої території Автономної Республіки Крим, м. Севастополя та частини тимчасово окупованих територій у Донецькій та Луганській областях. Починаючи з І кварталу 2022 року дані наведено без урахування тимчасово окупованих російською федерацією територій та частини територій, на яких ведуться (велися) бойові дії.","","","","","","417736","355376.7","328171.3","285042.7","319401.9","431343.4",""
"Витрати на наукові дослідження і розробки","Луганська","Джерела фінансування","Усього","Річна","Гривня","Тисячі","Один","Конфіденційна статистична інформація","1. Розрахунок показників темпів зростання/зниження здійснюється до попереднього року. 2. За 2014-2021 роки дані наведено без урахування тимчасово окупованої території Автономної Республіки Крим, м. Севастополя та частини тимчасово окупованих територій у Донецькій та Луганській областях. Починаючи з І кварталу 2022 року дані наведено без урахування тимчасово окупованих російською федерацією територій та частини територій, на яких ведуться (велися) бойові дії.","","Дані не оприлюднюються з метою виконання вимог Закону України ""Про офіційну статистику"" щодо забезпечення гарантій органів державної статистики щодо статистичної конфіденційності та/або відповідно до Закону України ""Про захист інтересів суб’єктів подання звітності та інших документів у період дії воєнного стану або стану війни"".","","","","39288.4","31025.4","13677.1","","","",""
"Витрати на наукові дослідження і розробки","Кіровоградська","Види досліджень і розробок","Усього","Річна","Гривня","Тисячі","Один","","1. Розрахунок показників темпів зростання/зниження здійснюється до попереднього року. 2. За 2014-2021 роки дані наведено без урахування тимчасово окупованої території Автономної Республіки Крим, м. Севастополя та частини тимчасово окупованих територій у Донецькій та Луганській областях. Починаючи з І кварталу 2022 року дані наведено без урахування тимчасово окупованих російською федерацією територій та частини територій, на яких ведуться (велися) бойові дії.","","","","","","24873.6","21002.8","","","","",""
"Витрати на наукові дослідження і розробки","Луганська","Види досліджень і розробок","Усього","Річна","Гривня","Тисячі","Один","","1. Розрахунок показників темпів зростання/зниження здійснюється до попереднього року. 2. За 2014-2021 роки дані наведено без урахування тимчасово окупованої території Автономної Республіки Крим, м. Севастополя та частини тимчасово окупованих територій у Донецькій та Луганській областях. Починаючи з І кварталу 2022 року дані наведено без урахування тимчасово окупованих російською федерацією територій та частини територій, на яких ведуться (велися) бойові дії.","","","","","","39288.4","31025.4","","","","",""
"Витрати на наукові дослідження і розробки","Одеська","Види досліджень і розробок","Усього","Річна","Гривня","Тисячі","Один","","1. Розрахунок показників темпів зростання/зниження здійснюється до попереднього року. 2. За 2014-2021 роки дані наведено без урахування тимчасово окупованої території Автономної Республіки Крим, м. Севастополя та частини тимчасово окупованих територій у Донецькій та Луганській областях. Починаючи з І кварталу 2022 року дані наведено без урахування тимчасово окупованих російською федерацією територій та частини територій, на яких ведуться (велися) бойові дії.","","","","","","342214.1","317373","","","","",""
"Витрати на наукові дослідження і розробки","Миколаївська","Джерела фінансування","Усього","Річна","Гривня","Тисячі","Один","","1. Розрахунок показників темпів зростання/зниження здійснюється до попереднього року. 2. За 2014-2021 роки дані наведено без урахування тимчасово окупованої території Автономної Республіки Крим, м. Севастополя та частини тимчасово окупованих територій у Донецькій та Луганській областях. Починаючи з І кварталу 2022 року дані наведено без урахування тимчасово окупованих російською федерацією територій та частини територій, на яких ведуться (велися) бойові дії.","","","","","","236640","301069.9","435674.2","165192.4","125344.7","161115.4",""
"Витрати на наукові дослідження і розробки","Одеська","Усього","Усього","Річна","Гривня","Тисячі","Один","","1. Розрахунок показників темпів зростання/зниження здійснюється до попереднього року. 2. За 2014-2021 роки дані наведено без урахування тимчасово окупованої території Автономної Республіки Крим, м. Севастополя та частини тимчасово окупованих територій у Донецькій та Луганській областях. Починаючи з І кварталу 2022 року дані наведено без урахування тимчасово окупованих російською федерацією територій та частини територій, на яких ведуться (велися) бойові дії.","","","237456.8","270263","299189.8","342214.1","317373","345928.6","283966.6","319134","462122.6","387880.7"
"Витрати на наукові дослідження і розробки","Миколаївська","Види витрат","Усього","Річна","Гривня","Тисячі","Один","","1. Розрахунок показників темпів зростання/зниження здійснюється до попереднього року. 2. За 2014-2021 роки дані наведено без урахування тимчасово окупованої території Автономної Республіки Крим, м. Севастополя та частини тимчасово окупованих територій у Донецькій та Луганській областях. Починаючи з І кварталу 2022 року дані наведено без урахування тимчасово окупованих російською федерацією територій та частини територій, на яких ведуться (велися) бойові дії.","","","","","","","","435674.2","165192.4","125344.7","161115.4",""
"Витрати на наукові дослідження і розробки","Миколаївська","Види досліджень і розробок","Усього","Річна","Гривня","Тисячі","Один","","1. Розрахунок показників темпів зростання/зниження здійснюється до попереднього року. 2. За 2014-2021 роки дані наведено без урахування тимчасово окупованої території Автономної Республіки Крим, м. Севастополя та частини тимчасово окупованих територій у Донецькій та Луганській областях. Починаючи з І кварталу 2022 року дані наведено без урахування тимчасово окупованих російською федерацією територій та частини територій, на яких ведуться (велися) бойові дії.","","","","","","236640","301069.9","","","","",""
"Витрати на наукові дослідження і розробки","Миколаївська","Галузі наук","Усього","Річна","Гривня","Тисячі","Один","","1. Розрахунок показників темпів зростання/зниження здійснюється до попереднього року. 2. За 2014-2021 роки дані наведено без урахування тимчасово окупованої території Автономної Республіки Крим, м. Севастополя та частини тимчасово окупованих територій у Донецькій та Луганській областях. Починаючи з І кварталу 2022 року дані наведено без урахування тимчасово окупованих російською федерацією територій та частини територій, на яких ведуться (велися) бойові дії.","","","","","","236640","301069.9","435674.2","165192.4","125344.7","161115.4",""
"Витрати на наукові дослідження і розробки","Одеська","Джерела фінансування","Усього","Річна","Гривня","Тисячі","Один","","1. Розрахунок показників темпів зростання/зниження здійснюється до попереднього року. 2. За 2014-2021 роки дані наведено без урахування тимчасово окупованої території Автономної Республіки Крим, м. Севастополя та частини тимчасово окупованих територій у Донецькій та Луганській областях. Починаючи з І кварталу 2022 року дані наведено без урахування тимчасово окупованих російською федерацією територій та частини територій, на яких ведуться (велися) бойові дії.","","","","","","342214.1","317373","345928.6","283966.6","319134","462122.6",""
"Витрати на наукові дослідження і розробки","Полтавська","Види витрат","Усього","Річна","Гривня","Тисячі","Один","","1. Розрахунок показників темпів зростання/зниження здійснюється до попереднього року. 2. За 2014-2021 роки дані наведено без урахування тимчасово окупованої території Автономної Республіки Крим, м. Севастополя та частини тимчасово окупованих територій у Донецькій та Луганській областях. Починаючи з І кварталу 2022 року дані наведено без урахування тимчасово окупованих російською федерацією територій та частини територій, на яких ведуться (велися) бойові дії.","","","","","","","","45926","43315.7","44918","77068",""
"Витрати на наукові дослідження і розробки","Львівська","Джерела фінансування","Усього","Річна","Гривня","Тисячі","Один","","1. Розрахунок показників темпів зростання/зниження здійснюється до попереднього року. 2. За 2014-2021 роки дані наведено без урахування тимчасово окупованої території Автономної Республіки Крим, м. Севастополя та частини тимчасово окупованих територій у Донецькій та Луганській областях. Починаючи з І кварталу 2022 року дані наведено без урахування тимчасово окупованих російською федерацією територій та частини територій, на яких ведуться (велися) бойові дії.","","","","","","465522.2","494408.4","660957.3","512476.8","640245.1","828918.9",""
"Витрати на наукові дослідження і розробки","Львівська","Види досліджень і розробок","Усього","Річна","Гривня","Тисячі","Один","","1. Розрахунок показників темпів зростання/зниження здійснюється до попереднього року. 2. За 2014-2021 роки дані наведено без урахування тимчасово окупованої території Автономної Республіки Крим, м. Севастополя та частини тимчасово окупованих територій у Донецькій та Луганській областях. Починаючи з І кварталу 2022 року дані наведено без урахування тимчасово окупованих російською федерацією територій та частини територій, на яких ведуться (велися) бойові дії.","","","","","","465522.2","494408.4","","","","",""
"Витрати на наукові дослідження і розробки","Львівська","Усього","Усього","Річна","Гривня","Тисячі","Один","","1. Розрахунок показників темпів зростання/зниження здійснюється до попереднього року. 2. За 2014-2021 роки дані наведено без урахування тимчасово окупованої території Автономної Республіки Крим, м. Севастополя та частини тимчасово окупованих територій у Донецькій та Луганській областях. Починаючи з І кварталу 2022 року дані наведено без урахування тимчасово окупованих російською федерацією територій та частини територій, на яких ведуться (велися) бойові дії.","","","264845.5","365997.1","426789.7","465522.2","494408.4","660957.3","512476.8","640245.1","828918.9","881370.3"
"Витрати на наукові дослідження і розробки","Одеська","Галузі наук","Усього","Річна","Гривня","Тисячі","Один","","1. Розрахунок показників темпів зростання/зниження здійснюється до попереднього року. 2. За 2014-2021 роки дані наведено без урахування тимчасово окупованої території Автономної Республіки Крим, м. Севастополя та частини тимчасово окупованих територій у Донецькій та Луганській областях. Починаючи з І кварталу 2022 року дані наведено без урахування тимчасово окупованих російською федерацією територій та частини територій, на яких ведуться (велися) бойові дії.","","","","","","342214.1","317373","345928.6","283966.6","319134","462122.6",""
"Витрати на наукові дослідження і розробки","Львівська","Галузі наук","Усього","Річна","Гривня","Тисячі","Один","","1. Розрахунок показників темпів зростання/зниження здійснюється до попереднього року. 2. За 2014-2021 роки дані наведено без урахування тимчасово окупованої території Автономної Республіки Крим, м. Севастополя та частини тимчасово окупованих територій у Донецькій та Луганській областях. Починаючи з І кварталу 2022 року дані наведено без урахування тимчасово окупованих російською федерацією територій та частини територій, на яких ведуться (велися) бойові дії.","","","","","","465522.2","494408.4","660957.3","512476.8","640245.1","828918.9",""
"Витрати на наукові дослідження і розробки","Миколаївська","Усього","Усього","Річна","Гривня","Тисячі","Один","","1. Розрахунок показників темпів зростання/зниження здійснюється до попереднього року. 2. За 2014-2021 роки дані наведено без урахування тимчасово окупованої території Автономної Республіки Крим, м. Севастополя та частини тимчасово окупованих територій у Донецькій та Луганській областях. Починаючи з І кварталу 2022 року дані наведено без урахування тимчасово окупованих російською федерацією територій та частини територій, на яких ведуться (велися) бойові дії.","","","392583.5","349345.2","330694.5","236640","301069.9","435674.2","165192.4","125344.7","161115.4","153012.6"
"Витрати на наукові дослідження і розробки","Одеська","Види витрат","Усього","Річна","Гривня","Тисячі","Один","","1. Розрахунок показників темпів зростання/зниження здійснюється до попереднього року. 2. За 2014-2021 роки дані наведено без урахування тимчасово окупованої території Автономної Республіки Крим, м. Севастополя та частини тимчасово окупованих територій у Донецькій та Луганській областях. Починаючи з І кварталу 2022 року дані наведено без урахування тимчасово окупованих російською федерацією територій та частини територій, на яких ведуться (велися) бойові дії.","","","","","","","","345928.6","283966.6","319134","462122.6",""
"Витрати на наукові дослідження і розробки","Сумська","Галузі наук","Усього","Річна","Гривня","Тисячі","Один","","1. Розрахунок показників темпів зростання/зниження здійснюється до попереднього року. 2. За 2014-2021 роки дані наведено без урахування тимчасово окупованої території Автономної Республіки Крим, м. Севастополя та частини тимчасово окупованих територій у Донецькій та Луганській областях. Починаючи з І кварталу 2022 року дані наведено без урахування тимчасово окупованих російською федерацією територій та частини територій, на яких ведуться (велися) бойові дії.","","","","","","93616.4","152974.9","176824","134831.4","168815.7","235337.2",""
"Витрати на наукові дослідження і розробки","Рівненська","Види досліджень і розробок","Усього","Річна","Гривня","Тисячі","Один","","1. Розрахунок показників темпів зростання/зниження здійснюється до попереднього року. 2. За 2014-2021 роки дані наведено без урахування тимчасово окупованої території Автономної Республіки Крим, м. Севастополя та частини тимчасово окупованих територій у Донецькій та Луганській областях. Починаючи з І кварталу 2022 року дані наведено без урахування тимчасово окупованих російською федерацією територій та частини територій, на яких ведуться (велися) бойові дії.","","","","","","17619","13841.6","","","","",""
"Витрати на наукові дослідження і розробки","Рівненська","Галузі наук","Усього","Річна","Гривня","Тисячі","Один","","1. Розрахунок показників темпів зростання/зниження здійснюється до попереднього року. 2. За 2014-2021 роки дані наведено без урахування тимчасово окупованої території Автономної Республіки Крим, м. Севастополя та частини тимчасово окупованих територій у Донецькій та Луганській областях. Починаючи з І кварталу 2022 року дані наведено без урахування тимчасово окупованих російською федерацією територій та частини територій, на яких ведуться (велися) бойові дії.","","","","","","17619","13841.6","14858.7","15920.7","21392.1","24924.8",""
"Витрати на наукові дослідження і розробки","Сумська","Джерела фінансування","Усього","Річна","Гривня","Тисячі","Один","","1. Розрахунок показників темпів зростання/зниження здійснюється до попереднього року. 2. За 2014-2021 роки дані наведено без урахування тимчасово окупованої території Автономної Республіки Крим, м. Севастополя та частини тимчасово окупованих територій у Донецькій та Луганській областях. Починаючи з І кварталу 2022 року дані наведено без урахування тимчасово окупованих російською федерацією територій та частини територій, на яких ведуться (велися) бойові дії.","","","","","","93616.4","152974.9","176824","134831.4","168815.7","235337.2",""
"Витрати на наукові дослідження і розробки","Сумська","Види витрат","Усього","Річна","Гривня","Тисячі","Один","","1. Розрахунок показників темпів зростання/зниження здійснюється до попереднього року. 2. За 2014-2021 роки дані наведено без урахування тимчасово окупованої території Автономної Республіки Крим, м. Севастополя та частини тимчасово окупованих територій у Донецькій та Луганській областях. Починаючи з І кварталу 2022 року дані наведено без урахування тимчасово окупованих російською федерацією територій та частини територій, на яких ведуться (велися) бойові дії.","","","","","","","","176824","134831.4","168815.7","235337.2",""
"Витрати на наукові дослідження і розробки","Полтавська","Види досліджень і розробок","Усього","Річна","Гривня","Тисячі","Один","","1. Розрахунок показників темпів зростання/зниження здійснюється до попереднього року. 2. За 2014-2021 роки дані наведено без урахування тимчасово окупованої території Автономної Республіки Крим, м. Севастополя та частини тимчасово окупованих територій у Донецькій та Луганській областях. Починаючи з І кварталу 2022 року дані наведено без урахування тимчасово окупованих російською федерацією територій та частини територій, на яких ведуться (велися) бойові дії.","","","","","","44639.3","37622.3","","","","",""
"Витрати на наукові дослідження і розробки","Рівненська","Усього","Усього","Річна","Гривня","Тисячі","Один","","1. Розрахунок показників темпів зростання/зниження здійснюється до попереднього року. 2. За 2014-2021 роки дані наведено без урахування тимчасово окупованої території Автономної Республіки Крим, м. Севастополя та частини тимчасово окупованих територій у Донецькій та Луганській областях. Починаючи з І кварталу 2022 року дані наведено без урахування тимчасово окупованих російською федерацією територій та частини територій, на яких ведуться (велися) бойові дії.","","","9327.1","13723.8","19323.8","17619","13841.6","14858.7","15920.7","21392.1","24924.8","23280.9"
"Витрати на наукові дослідження і розробки","Рівненська","Джерела фінансування","Усього","Річна","Гривня","Тисячі","Один","","1. Розрахунок показників темпів зростання/зниження здійснюється до попереднього року. 2. За 2014-2021 роки дані наведено без урахування тимчасово окупованої території Автономної Республіки Крим, м. Севастополя та частини тимчасово окупованих територій у Донецькій та Луганській областях. Починаючи з І кварталу 2022 року дані наведено без урахування тимчасово окупованих російською федерацією територій та частини територій, на яких ведуться (велися) бойові дії.","","","","","","17619","13841.6","14858.7","15920.7","21392.1","24924.8",""
"Витрати на наукові дослідження і розробки","Полтавська","Джерела фінансування","Усього","Річна","Гривня","Тисячі","Один","","1. Розрахунок показників темпів зростання/зниження здійснюється до попереднього року. 2. За 2014-2021 роки дані наведено без урахування тимчасово окупованої території Автономної Республіки Крим, м. Севастополя та частини тимчасово окупованих територій у Донецькій та Луганській областях. Починаючи з І кварталу 2022 року дані наведено без урахування тимчасово окупованих російською федерацією територій та частини територій, на яких ведуться (велися) бойові дії.","","","","","","44639.3","37622.3","45926","43315.7","44918","77068",""
"Витрати на наукові дослідження і розробки","Полтавська","Галузі наук","Усього","Річна","Гривня","Тисячі","Один","","1. Розрахунок показників темпів зростання/зниження здійснюється до попереднього року. 2. За 2014-2021 роки дані наведено без урахування тимчасово окупованої території Автономної Республіки Крим, м. Севастополя та частини тимчасово окупованих територій у Донецькій та Луганській областях. Починаючи з І кварталу 2022 року дані наведено без урахування тимчасово окупованих російською федерацією територій та частини територій, на яких ведуться (велися) бойові дії.","","","","","","44639.3","37622.3","45926","43315.7","44918","77068",""
"Витрати на наукові дослідження і розробки","Тернопільська","Види витрат","Усього","Річна","Гривня","Тисячі","Один","","1. Розрахунок показників темпів зростання/зниження здійснюється до попереднього року. 2. За 2014-2021 роки дані наведено без урахування тимчасово окупованої території Автономної Республіки Крим, м. Севастополя та частини тимчасово окупованих територій у Донецькій та Луганській областях. Починаючи з І кварталу 2022 року дані наведено без урахування тимчасово окупованих російською федерацією територій та частини територій, на яких ведуться (велися) бойові дії.","","","","","","","","41656.3","36009.6","35239.9","56882.7",""
"Витрати на наукові дослідження і розробки","Тернопільська","Галузі наук","Усього","Річна","Гривня","Тисячі","Один","","1. Розрахунок показників темпів зростання/зниження здійснюється до попереднього року. 2. За 2014-2021 роки дані наведено без урахування тимчасово окупованої території Автономної Республіки Крим, м. Севастополя та частини тимчасово окупованих територій у Донецькій та Луганській областях. Починаючи з І кварталу 2022 року дані наведено без урахування тимчасово окупованих російською федерацією територій та частини територій, на яких ведуться (велися) бойові дії.","","","","","","29094.1","35811.9","41656.3","36009.6","35239.9","56882.7",""
"Витрати на наукові дослідження і розробки","Полтавська","Усього","Усього","Річна","Гривня","Тисячі","Один","","1. Розрахунок показників темпів зростання/зниження здійснюється до попереднього року. 2. За 2014-2021 роки дані наведено без урахування тимчасово окупованої території Автономної Республіки Крим, м. Севастополя та частини тимчасово окупованих територій у Донецькій та Луганській областях. Починаючи з І кварталу 2022 року дані наведено без урахування тимчасово окупованих російською федерацією територій та частини територій, на яких ведуться (велися) бойові дії.","","","55845","65967.7","80723.4","44639.3","37622.3","45926","43315.7","44918","77068","93000.3"
"Витрати на наукові дослідження і розробки","Сумська","Види досліджень і розробок","Усього","Річна","Гривня","Тисячі","Один","","1. Розрахунок показників темпів зростання/зниження здійснюється до попереднього року. 2. За 2014-2021 роки дані наведено без урахування тимчасово окупованої території Автономної Республіки Крим, м. Севастополя та частини тимчасово окупованих територій у Донецькій та Луганській областях. Починаючи з І кварталу 2022 року дані наведено без урахування тимчасово окупованих російською федерацією територій та частини територій, на яких ведуться (велися) бойові дії.","","","","","","93616.4","152974.9","","","","",""
"Витрати на наукові дослідження і розробки","Сумська","Усього","Усього","Річна","Гривня","Тисячі","Один","","1. Розрахунок показників темпів зростання/зниження здійснюється до попереднього року. 2. За 2014-2021 роки дані наведено без урахування тимчасово окупованої території Автономної Республіки Крим, м. Севастополя та частини тимчасово окупованих територій у Донецькій та Луганській областях. Починаючи з І кварталу 2022 року дані наведено без урахування тимчасово окупованих російською федерацією територій та частини територій, на яких ведуться (велися) бойові дії.","","","129682.3","160696.5","182433.3","93616.4","152974.9","176824","134831.4","168815.7","235337.2","246597.2"
"Витрати на наукові дослідження і розробки","Рівненська","Види витрат","Усього","Річна","Гривня","Тисячі","Один","","1. Розрахунок показників темпів зростання/зниження здійснюється до попереднього року. 2. За 2014-2021 роки дані наведено без урахування тимчасово окупованої території Автономної Республіки Крим, м. Севастополя та частини тимчасово окупованих територій у Донецькій та Луганській областях. Починаючи з І кварталу 2022 року дані наведено без урахування тимчасово окупованих російською федерацією територій та частини територій, на яких ведуться (велися) бойові дії.","","","","","","","","14858.7","15920.7","21392.1","24924.8",""
"Витрати на наукові дослідження і розробки","Хмельницька","Види витрат","Усього","Річна","Гривня","Тисячі","Один","Конфіденційна статистична інформація","1. Розрахунок показників темпів зростання/зниження здійснюється до попереднього року. 2. За 2014-2021 роки дані наведено без урахування тимчасово окупованої території Автономної Республіки Крим, м. Севастополя та частини тимчасово окупованих територій у Донецькій та Луганській областях. Починаючи з І кварталу 2022 року дані наведено без урахування тимчасово окупованих російською федерацією територій та частини територій, на яких ведуться (велися) бойові дії.","","Дані не оприлюднюються з метою виконання вимог Закону України ""Про офіційну статистику"" щодо забезпечення гарантій органів державної статистики щодо статистичної конфіденційності та/або відповідно до Закону України ""Про захист інтересів суб’єктів подання звітності та інших документів у період дії воєнного стану або стану війни"".","","","","","","","20897.6","","23250.8",""
"Витрати на наукові дослідження і розробки","Тернопільська","Джерела фінансування","Усього","Річна","Гривня","Тисячі","Один","","1. Розрахунок показників темпів зростання/зниження здійснюється до попереднього року. 2. За 2014-2021 роки дані наведено без урахування тимчасово окупованої території Автономної Республіки Крим, м. Севастополя та частини тимчасово окупованих територій у Донецькій та Луганській областях. Починаючи з І кварталу 2022 року дані наведено без урахування тимчасово окупованих російською федерацією територій та частини територій, на яких ведуться (велися) бойові дії.","","","","","","29094.1","35811.9","41656.3","36009.6","35239.9","56882.7",""
"Витрати на наукові дослідження і розробки","Харківська","Галузі наук","Усього","Річна","Гривня","Тисячі","Один","","1. Розрахунок показників темпів зростання/зниження здійснюється до попереднього року. 2. За 2014-2021 роки дані наведено без урахування тимчасово окупованої території Автономної Республіки Крим, м. Севастополя та частини тимчасово окупованих територій у Донецькій та Луганській областях. Починаючи з І кварталу 2022 року дані наведено без урахування тимчасово окупованих російською федерацією територій та частини територій, на яких ведуться (велися) бойові дії.","","","","","","2864159","2558277.4","1929328.3","1250214.4","2014967.6","3388449.6",""
"Витрати на наукові дослідження і розробки","Херсонська","Галузі наук","Усього","Річна","Гривня","Тисячі","Один","Конфіденційна статистична інформація","1. Розрахунок показників темпів зростання/зниження здійснюється до попереднього року. 2. За 2014-2021 роки дані наведено без урахування тимчасово окупованої території Автономної Республіки Крим, м. Севастополя та частини тимчасово окупованих територій у Донецькій та Луганській областях. Починаючи з І кварталу 2022 року дані наведено без урахування тимчасово окупованих російською федерацією територій та частини територій, на яких ведуться (велися) бойові дії.","","Дані не оприлюднюються з метою виконання вимог Закону України ""Про офіційну статистику"" щодо забезпечення гарантій органів державної статистики щодо статистичної конфіденційності та/або відповідно до Закону України ""Про захист інтересів суб’єктів подання звітності та інших документів у період дії воєнного стану або стану війни"".","","","","72220.1","81586.5","68701.4","","","11243.8",""
"Витрати на наукові дослідження і розробки","Тернопільська","Усього","Усього","Річна","Гривня","Тисячі","Один","","1. Розрахунок показників темпів зростання/зниження здійснюється до попереднього року. 2. За 2014-2021 роки дані наведено без урахування тимчасово окупованої території Автономної Республіки Крим, м. Севастополя та частини тимчасово окупованих територій у Донецькій та Луганській областях. Починаючи з І кварталу 2022 року дані наведено без урахування тимчасово окупованих російською федерацією територій та частини територій, на яких ведуться (велися) бойові дії.","","","14052.4","19200.1","30195.3","29094.1","35811.9","41656.3","36009.6","35239.9","56882.7","52227.5"
"Витрати на наукові дослідження і розробки","Харківська","Види досліджень і розробок","Усього","Річна","Гривня","Тисячі","Один","","1. Розрахунок показників темпів зростання/зниження здійснюється до попереднього року. 2. За 2014-2021 роки дані наведено без урахування тимчасово окупованої території Автономної Республіки Крим, м. Севастополя та частини тимчасово окупованих територій у Донецькій та Луганській областях. Починаючи з І кварталу 2022 року дані наведено без урахування тимчасово окупованих російською федерацією територій та частини територій, на яких ведуться (велися) бойові дії.","","","","","","2864159","2558277.4","","","","",""
"Витрати на наукові дослідження і розробки","Тернопільська","Види досліджень і розробок","Усього","Річна","Гривня","Тисячі","Один","","1. Розрахунок показників темпів зростання/зниження здійснюється до попереднього року. 2. За 2014-2021 роки дані наведено без урахування тимчасово окупованої території Автономної Республіки Крим, м. Севастополя та частини тимчасово окупованих територій у Донецькій та Луганській областях. Починаючи з І кварталу 2022 року дані наведено без урахування тимчасово окупованих російською федерацією територій та частини територій, на яких ведуться (велися) бойові дії.","","","","","","29094.1","35811.9","","","","",""
"Витрати на наукові дослідження і розробки","Херсонська","Види досліджень і розробок","Усього","Річна","Гривня","Тисячі","Один","","1. Розрахунок показників темпів зростання/зниження здійснюється до попереднього року. 2. За 2014-2021 роки дані наведено без урахування тимчасово окупованої території Автономної Республіки Крим, м. Севастополя та частини тимчасово окупованих територій у Донецькій та Луганській областях. Починаючи з І кварталу 2022 року дані наведено без урахування тимчасово окупованих російською федерацією територій та частини територій, на яких ведуться (велися) бойові дії.","","","","","","72220.1","81586.5","","","","",""
"Витрати на наукові дослідження і розробки","Харківська","Усього","Усього","Річна","Гривня","Тисячі","Один","","1. Розрахунок показників темпів зростання/зниження здійснюється до попереднього року. 2. За 2014-2021 роки дані наведено без урахування тимчасово окупованої території Автономної Республіки Крим, м. Севастополя та частини тимчасово окупованих територій у Донецькій та Луганській областях. Починаючи з І кварталу 2022 року дані наведено без урахування тимчасово окупованих російською федерацією територій та частини територій, на яких ведуться (велися) бойові дії.","","","2063160.8","2399423.8","3144459.8","2864159","2558277.4","1929328.3","1282031.3","2068009.6","3467290.6","3940696.6"
"Витрати на наукові дослідження і розробки","Харківська","Види витрат","Усього","Річна","Гривня","Тисячі","Один","","1. Розрахунок показників темпів зростання/зниження здійснюється до попереднього року. 2. За 2014-2021 роки дані наведено без урахування тимчасово окупованої території Автономної Республіки Крим, м. Севастополя та частини тимчасово окупованих територій у Донецькій та Луганській областях. Починаючи з І кварталу 2022 року дані наведено без урахування тимчасово окупованих російською федерацією територій та частини територій, на яких ведуться (велися) бойові дії.","","","","","","","","1929328.3","1250214.4","2014967.6","3388449.6",""
"Витрати на наукові дослідження і розробки","Харківська","Джерела фінансування","Усього","Річна","Гривня","Тисячі","Один","","1. Розрахунок показників темпів зростання/зниження здійснюється до попереднього року. 2. За 2014-2021 роки дані наведено без урахування тимчасово окупованої території Автономної Республіки Крим, м. Севастополя та частини тимчасово окупованих територій у Донецькій та Луганській областях. Починаючи з І кварталу 2022 року дані наведено без урахування тимчасово окупованих російською федерацією територій та частини територій, на яких ведуться (велися) бойові дії.","","","","","","2864159","2558277.4","1929328.3","1250214.4","2014967.6","3388449.6",""
"Витрати на наукові дослідження і розробки","Хмельницька","Галузі наук","Усього","Річна","Гривня","Тисячі","Один","Конфіденційна статистична інформація","1. Розрахунок показників темпів зростання/зниження здійснюється до попереднього року. 2. За 2014-2021 роки дані наведено без урахування тимчасово окупованої території Автономної Республіки Крим, м. Севастополя та частини тимчасово окупованих територій у Донецькій та Луганській областях. Починаючи з І кварталу 2022 року дані наведено без урахування тимчасово окупованих російською федерацією територій та частини територій, на яких ведуться (велися) бойові дії.","","Дані не оприлюднюються з метою виконання вимог Закону України ""Про офіційну статистику"" щодо забезпечення гарантій органів державної статистики щодо статистичної конфіденційності та/або відповідно до Закону України ""Про захист інтересів суб’єктів подання звітності та інших документів у період дії воєнного стану або стану війни"".","","","","19233.7","","","20897.6","","23250.8",""
"Витрати на наукові дослідження і розробки","Херсонська","Усього","Усього","Річна","Гривня","Тисячі","Один","Конфіденційна статистична інформація","1. Розрахунок показників темпів зростання/зниження здійснюється до попереднього року. 2. За 2014-2021 роки дані наведено без урахування тимчасово окупованої території Автономної Республіки Крим, м. Севастополя та частини тимчасово окупованих територій у Донецькій та Луганській областях. Починаючи з І кварталу 2022 року дані наведено без урахування тимчасово окупованих російською федерацією територій та частини територій, на яких ведуться (велися) бойові дії.","","Дані не оприлюднюються з метою виконання вимог Закону України ""Про офіційну статистику"" щодо забезпечення гарантій органів державної статистики щодо статистичної конфіденційності та/або відповідно до Закону України ""Про захист інтересів суб’єктів подання звітності та інших документів у період дії воєнного стану або стану війни"".","48804.6","73601.9","81190.7","72220.1","81586.5","68701.4","","11766.6","11243.8","13917"
"Витрати на наукові дослідження і розробки","Херсонська","Види витрат","Усього","Річна","Гривня","Тисячі","Один","Конфіденційна статистична інформація","1. Розрахунок показників темпів зростання/зниження здійснюється до попереднього року. 2. За 2014-2021 роки дані наведено без урахування тимчасово окупованої території Автономної Республіки Крим, м. Севастополя та частини тимчасово окупованих територій у Донецькій та Луганській областях. Починаючи з І кварталу 2022 року дані наведено без урахування тимчасово окупованих російською федерацією територій та частини територій, на яких ведуться (велися) бойові дії.","","Дані не оприлюднюються з метою виконання вимог Закону України ""Про офіційну статистику"" щодо забезпечення гарантій органів державної статистики щодо статистичної конфіденційності та/або відповідно до Закону України ""Про захист інтересів суб’єктів подання звітності та інших документів у період дії воєнного стану або стану війни"".","","","","","","68701.4","","","11243.8",""
"Витрати на наукові дослідження і розробки","Херсонська","Джерела фінансування","Усього","Річна","Гривня","Тисячі","Один","Конфіденційна статистична інформація","1. Розрахунок показників темпів зростання/зниження здійснюється до попереднього року. 2. За 2014-2021 роки дані наведено без урахування тимчасово окупованої території Автономної Республіки Крим, м. Севастополя та частини тимчасово окупованих територій у Донецькій та Луганській областях. Починаючи з І кварталу 2022 року дані наведено без урахування тимчасово окупованих російською федерацією територій та частини територій, на яких ведуться (велися) бойові дії.","","Дані не оприлюднюються з метою виконання вимог Закону України ""Про офіційну статистику"" щодо забезпечення гарантій органів державної статистики щодо статистичної конфіденційності та/або відповідно до Закону України ""Про захист інтересів суб’єктів подання звітності та інших документів у період дії воєнного стану або стану війни"".","","","","72220.1","81586.5","68701.4","","","11243.8",""
"Витрати на наукові дослідження і розробки","Чернівецька","Джерела фінансування","Усього","Річна","Гривня","Тисячі","Один","","1. Розрахунок показників темпів зростання/зниження здійснюється до попереднього року. 2. За 2014-2021 роки дані наведено без урахування тимчасово окупованої території Автономної Республіки Крим, м. Севастополя та частини тимчасово окупованих територій у Донецькій та Луганській областях. Починаючи з І кварталу 2022 року дані наведено без урахування тимчасово окупованих російською федерацією територій та частини територій, на яких ведуться (велися) бойові дії.","","","","","","105729.7","112105.9","134836","112487.1","167341.7","229727.2",""
"Витрати на наукові дослідження і розробки","Хмельницька","Усього","Усього","Річна","Гривня","Тисячі","Один","Конфіденційна статистична інформація","1. Розрахунок показників темпів зростання/зниження здійснюється до попереднього року. 2. За 2014-2021 роки дані наведено без урахування тимчасово окупованої території Автономної Республіки Крим, м. Севастополя та частини тимчасово окупованих територій у Донецькій та Луганській областях. Починаючи з І кварталу 2022 року дані наведено без урахування тимчасово окупованих російською федерацією територій та частини територій, на яких ведуться (велися) бойові дії.","","Дані не оприлюднюються з метою виконання вимог Закону України ""Про офіційну статистику"" щодо забезпечення гарантій органів державної статистики щодо статистичної конфіденційності та/або відповідно до Закону України ""Про захист інтересів суб’єктів подання звітності та інших документів у період дії воєнного стану або стану війни"".","12959.2","17510","21286.9","19233.7","","","20897.6","","23250.8","32783"
"Витрати на наукові дослідження і розробки","Хмельницька","Види досліджень і розробок","Усього","Річна","Гривня","Тисячі","Один","Конфіденційна статистична інформація","1. Розрахунок показників темпів зростання/зниження здійснюється до попереднього року. 2. За 2014-2021 роки дані наведено без урахування тимчасово окупованої території Автономної Республіки Крим, м. Севастополя та частини тимчасово окупованих територій у Донецькій та Луганській областях. Починаючи з І кварталу 2022 року дані наведено без урахування тимчасово окупованих російською федерацією територій та частини територій, на яких ведуться (велися) бойові дії.","","Дані не оприлюднюються з метою виконання вимог Закону України ""Про офіційну статистику"" щодо забезпечення гарантій органів державної статистики щодо статистичної конфіденційності та/або відповідно до Закону України ""Про захист інтересів суб’єктів подання звітності та інших документів у період дії воєнного стану або стану війни"".","","","","19233.7","","","","","",""
"Витрати на наукові дослідження і розробки","Чернігівська","Види витрат","Усього","Річна","Гривня","Тисячі","Один","","1. Розрахунок показників темпів зростання/зниження здійснюється до попереднього року. 2. За 2014-2021 роки дані наведено без урахування тимчасово окупованої території Автономної Республіки Крим, м. Севастополя та частини тимчасово окупованих територій у Донецькій та Луганській областях. Починаючи з І кварталу 2022 року дані наведено без урахування тимчасово окупованих російською федерацією територій та частини територій, на яких ведуться (велися) бойові дії.","","","","","","","","78981.9","55041.9","111102.1","92674.9",""
"Витрати на наукові дослідження і розробки","Черкаська","Галузі наук","Усього","Річна","Гривня","Тисячі","Один","","1. Розрахунок показників темпів зростання/зниження здійснюється до попереднього року. 2. За 2014-2021 роки дані наведено без урахування тимчасово окупованої території Автономної Республіки Крим, м. Севастополя та частини тимчасово окупованих територій у Донецькій та Луганській областях. Починаючи з І кварталу 2022 року дані наведено без урахування тимчасово окупованих російською федерацією територій та частини територій, на яких ведуться (велися) бойові дії.","","","","","","52040.2","75642.5","122302.1","66055","91930.4","124744.2",""
"Витрати на наукові дослідження і розробки","Чернівецька","Види витрат","Усього","Річна","Гривня","Тисячі","Один","","1. Розрахунок показників темпів зростання/зниження здійснюється до попереднього року. 2. За 2014-2021 роки дані наведено без урахування тимчасово окупованої території Автономної Республіки Крим, м. Севастополя та частини тимчасово окупованих територій у Донецькій та Луганській областях. Починаючи з І кварталу 2022 року дані наведено без урахування тимчасово окупованих російською федерацією територій та частини територій, на яких ведуться (велися) бойові дії.","","","","","","","","134836","112487.1","167341.7","229727.2",""
"Витрати на наукові дослідження і розробки","Хмельницька","Джерела фінансування","Усього","Річна","Гривня","Тисячі","Один","Конфіденційна статистична інформація","1. Розрахунок показників темпів зростання/зниження здійснюється до попереднього року. 2. За 2014-2021 роки дані наведено без урахування тимчасово окупованої території Автономної Республіки Крим, м. Севастополя та частини тимчасово окупованих територій у Донецькій та Луганській областях. Починаючи з І кварталу 2022 року дані наведено без урахування тимчасово окупованих російською федерацією територій та частини територій, на яких ведуться (велися) бойові дії.","","Дані не оприлюднюються з метою виконання вимог Закону України ""Про офіційну статистику"" щодо забезпечення гарантій органів державної статистики щодо статистичної конфіденційності та/або відповідно до Закону України ""Про захист інтересів суб’єктів подання звітності та інших документів у період дії воєнного стану або стану війни"".","","","","19233.7","","","20897.6","","23250.8",""
"Витрати на наукові дослідження і розробки","Чернігівська","Галузі наук","Усього","Річна","Гривня","Тисячі","Один","","1. Розрахунок показників темпів зростання/зниження здійснюється до попереднього року. 2. За 2014-2021 роки дані наведено без урахування тимчасово окупованої території Автономної Республіки Крим, м. Севастополя та частини тимчасово окупованих територій у Донецькій та Луганській областях. Починаючи з І кварталу 2022 року дані наведено без урахування тимчасово окупованих російською федерацією територій та частини територій, на яких ведуться (велися) бойові дії.","","","","","","46342.6","69910.9","78981.9","55041.9","111102.1","92674.9",""
"Витрати на наукові дослідження і розробки","Чернівецька","Види досліджень і розробок","Усього","Річна","Гривня","Тисячі","Один","","1. Розрахунок показників темпів зростання/зниження здійснюється до попереднього року. 2. За 2014-2021 роки дані наведено без урахування тимчасово окупованої території Автономної Республіки Крим, м. Севастополя та частини тимчасово окупованих територій у Донецькій та Луганській областях. Починаючи з І кварталу 2022 року дані наведено без урахування тимчасово окупованих російською федерацією територій та частини територій, на яких ведуться (велися) бойові дії.","","","","","","105729.7","112105.9","","","","",""
"Витрати на наукові дослідження і розробки","Чернівецька","Усього","Усього","Річна","Гривня","Тисячі","Один","","1. Розрахунок показників темпів зростання/зниження здійснюється до попереднього року. 2. За 2014-2021 роки дані наведено без урахування тимчасово окупованої території Автономної Республіки Крим, м. Севастополя та частини тимчасово окупованих територій у Донецькій та Луганській областях. Починаючи з І кварталу 2022 року дані наведено без урахування тимчасово окупованих російською федерацією територій та частини територій, на яких ведуться (велися) бойові дії.","","","61275.9","68333.9","87928.1","105729.7","112105.9","134836","112487.1","167341.7","229727.2","289298.7"
"Витрати на наукові дослідження і розробки","Черкаська","Види досліджень і розробок","Усього","Річна","Гривня","Тисячі","Один","","1. Розрахунок показників темпів зростання/зниження здійснюється до попереднього року. 2. За 2014-2021 роки дані наведено без урахування тимчасово окупованої території Автономної Республіки Крим, м. Севастополя та частини тимчасово окупованих територій у Донецькій та Луганській областях. Починаючи з І кварталу 2022 року дані наведено без урахування тимчасово окупованих російською федерацією територій та частини територій, на яких ведуться (велися) бойові дії.","","","","","","52040.2","75642.5","","","","",""
"Витрати на наукові дослідження і розробки","Чернівецька","Галузі наук","Усього","Річна","Гривня","Тисячі","Один","","1. Розрахунок показників темпів зростання/зниження здійснюється до попереднього року. 2. За 2014-2021 роки дані наведено без урахування тимчасово окупованої території Автономної Республіки Крим, м. Севастополя та частини тимчасово окупованих територій у Донецькій та Луганській областях. Починаючи з І кварталу 2022 року дані наведено без урахування тимчасово окупованих російською федерацією територій та частини територій, на яких ведуться (велися) бойові дії.","","","","","","105729.7","112105.9","134836","112487.1","167341.7","229727.2",""
"Витрати на наукові дослідження і розробки","Черкаська","Джерела фінансування","Усього","Річна","Гривня","Тисячі","Один","","1. Розрахунок показників темпів зростання/зниження здійснюється до попереднього року. 2. За 2014-2021 роки дані наведено без урахування тимчасово окупованої території Автономної Республіки Крим, м. Севастополя та частини тимчасово окупованих територій у Донецькій та Луганській областях. Починаючи з І кварталу 2022 року дані наведено без урахування тимчасово окупованих російською федерацією територій та частини територій, на яких ведуться (велися) бойові дії.","","","","","","52040.2","75642.5","122302.1","66055","91930.4","124744.2",""
"Витрати на наукові дослідження і розробки","Черкаська","Усього","Усього","Річна","Гривня","Тисячі","Один","","1. Розрахунок показників темпів зростання/зниження здійснюється до попереднього року. 2. За 2014-2021 роки дані наведено без урахування тимчасово окупованої території Автономної Республіки Крим, м. Севастополя та частини тимчасово окупованих територій у Донецькій та Луганській областях. Починаючи з І кварталу 2022 року дані наведено без урахування тимчасово окупованих російською федерацією територій та частини територій, на яких ведуться (велися) бойові дії.","","","118405.2","97350.6","98571.8","52040.2","75642.5","122302.1","66055","91930.4","124744.2","156266"
"Витрати на наукові дослідження і розробки","Черкаська","Види витрат","Усього","Річна","Гривня","Тисячі","Один","","1. Розрахунок показників темпів зростання/зниження здійснюється до попереднього року. 2. За 2014-2021 роки дані наведено без урахування тимчасово окупованої території Автономної Республіки Крим, м. Севастополя та частини тимчасово окупованих територій у Донецькій та Луганській областях. Починаючи з І кварталу 2022 року дані наведено без урахування тимчасово окупованих російською федерацією територій та частини територій, на яких ведуться (велися) бойові дії.","","","","","","","","122302.1","66055","91930.4","124744.2",""
"Витрати на наукові дослідження і розробки","Київ","Джерела фінансування","Усього","Річна","Гривня","Тисячі","Один","","1. Розрахунок показників темпів зростання/зниження здійснюється до попереднього року. 2. За 2014-2021 роки дані наведено без урахування тимчасово окупованої території Автономної Республіки Крим, м. Севастополя та частини тимчасово окупованих територій у Донецькій та Луганській областях. Починаючи з І кварталу 2022 року дані наведено без урахування тимчасово окупованих російською федерацією територій та частини територій, на яких ведуться (велися) бойові дії.","","","","","","8306961.9","9115690.7","12225310.5","10374186.4","11631044.4","16631338.6",""
"Витрати на наукові дослідження і розробки","Севастополь","Види досліджень і розробок","Усього","Річна","Гривня","Тисячі","Один","","1. Розрахунок показників темпів зростання/зниження здійснюється до попереднього року. 2. За 2014-2021 роки дані наведено без урахування тимчасово окупованої території Автономної Республіки Крим, м. Севастополя та частини тимчасово окупованих територій у Донецькій та Луганській областях. Починаючи з І кварталу 2022 року дані наведено без урахування тимчасово окупованих російською федерацією територій та частини територій, на яких ведуться (велися) бойові дії.","","Інформація відсутня.","","","","","","","","","",""
"Витрати на наукові дослідження і розробки","Київ","Види досліджень і розробок","Усього","Річна","Гривня","Тисячі","Один","","1. Розрахунок показників темпів зростання/зниження здійснюється до попереднього року. 2. За 2014-2021 роки дані наведено без урахування тимчасово окупованої території Автономної Республіки Крим, м. Севастополя та частини тимчасово окупованих територій у Донецькій та Луганській областях. Починаючи з І кварталу 2022 року дані наведено без урахування тимчасово окупованих російською федерацією територій та частини територій, на яких ведуться (велися) бойові дії.","","","","","","8306961.9","9115690.7","","","","",""
"Витрати на наукові дослідження і розробки","Севастополь","Галузі наук","Усього","Річна","Гривня","Тисячі","Один","","1. Розрахунок показників темпів зростання/зниження здійснюється до попереднього року. 2. За 2014-2021 роки дані наведено без урахування тимчасово окупованої території Автономної Республіки Крим, м. Севастополя та частини тимчасово окупованих територій у Донецькій та Луганській областях. Починаючи з І кварталу 2022 року дані наведено без урахування тимчасово окупованих російською федерацією територій та частини територій, на яких ведуться (велися) бойові дії.","","Інформація відсутня.","","","","","","","","","",""
"Витрати на наукові дослідження і розробки","Чернігівська","Види досліджень і розробок","Усього","Річна","Гривня","Тисячі","Один","","1. Розрахунок показників темпів зростання/зниження здійснюється до попереднього року. 2. За 2014-2021 роки дані наведено без урахування тимчасово окупованої території Автономної Республіки Крим, м. Севастополя та частини тимчасово окупованих територій у Донецькій та Луганській областях. Починаючи з І кварталу 2022 року дані наведено без урахування тимчасово окупованих російською федерацією територій та частини територій, на яких ведуться (велися) бойові дії.","","","","","","46342.6","69910.9","","","","",""
"Витрати на наукові дослідження і розробки","Київ","Усього","Усього","Річна","Гривня","Тисячі","Один","","1. Розрахунок показників темпів зростання/зниження здійснюється до попереднього року. 2. За 2014-2021 роки дані наведено без урахування тимчасово окупованої території Автономної Республіки Крим, м. Севастополя та частини тимчасово окупованих територій у Донецькій та Луганській областях. Починаючи з І кварталу 2022 року дані наведено без урахування тимчасово окупованих російською федерацією територій та частини територій, на яких ведуться (велися) бойові дії.","","","4991777.9","5665559.7","7718179.6","8306961.9","9115690.7","12225310.5","10523051.7","12929664.3","16732313.6","20904946.9"
"Витрати на наукові дослідження і розробки","Чернігівська","Усього","Усього","Річна","Гривня","Тисячі","Один","","1. Розрахунок показників темпів зростання/зниження здійснюється до попереднього року. 2. За 2014-2021 роки дані наведено без урахування тимчасово окупованої території Автономної Республіки Крим, м. Севастополя та частини тимчасово окупованих територій у Донецькій та Луганській областях. Починаючи з І кварталу 2022 року дані наведено без урахування тимчасово окупованих російською федерацією територій та частини територій, на яких ведуться (велися) бойові дії.","","","41902","44296.3","49238.5","46342.6","69910.9","78981.9","55041.9","111102.1","92674.9","143084.9"
"Витрати на наукові дослідження і розробки","Чернігівська","Джерела фінансування","Усього","Річна","Гривня","Тисячі","Один","","1. Розрахунок показників темпів зростання/зниження здійснюється до попереднього року. 2. За 2014-2021 роки дані наведено без урахування тимчасово окупованої території Автономної Республіки Крим, м. Севастополя та частини тимчасово окупованих територій у Донецькій та Луганській областях. Починаючи з І кварталу 2022 року дані наведено без урахування тимчасово окупованих російською федерацією територій та частини територій, на яких ведуться (велися) бойові дії.","","","","","","46342.6","69910.9","78981.9","55041.9","111102.1","92674.9",""
"Витрати на наукові дослідження і розробки","Севастополь","Джерела фінансування","Усього","Річна","Гривня","Тисячі","Один","","1. Розрахунок показників темпів зростання/зниження здійснюється до попереднього року. 2. За 2014-2021 роки дані наведено без урахування тимчасово окупованої території Автономної Республіки Крим, м. Севастополя та частини тимчасово окупованих територій у Донецькій та Луганській областях. Починаючи з І кварталу 2022 року дані наведено без урахування тимчасово окупованих російською федерацією територій та частини територій, на яких ведуться (велися) бойові дії.","","Інформація відсутня.","","","","","","","","","",""
"Витрати на наукові дослідження і розробки","Київ","Галузі наук","Усього","Річна","Гривня","Тисячі","Один","","1. Розрахунок показників темпів зростання/зниження здійснюється до попереднього року. 2. За 2014-2021 роки дані наведено без урахування тимчасово окупованої території Автономної Республіки Крим, м. Севастополя та частини тимчасово окупованих територій у Донецькій та Луганській областях. Починаючи з І кварталу 2022 року дані наведено без урахування тимчасово окупованих російською федерацією територій та частини територій, на яких ведуться (велися) бойові дії.","","","","","","8306961.9","9115690.7","12225310.5","10374186.4","11631044.4","16631338.6",""
"Витрати на наукові дослідження і розробки","Київ","Види витрат","Усього","Річна","Гривня","Тисячі","Один","","1. Розрахунок показників темпів зростання/зниження здійснюється до попереднього року. 2. За 2014-2021 роки дані наведено без урахування тимчасово окупованої території Автономної Республіки Крим, м. Севастополя та частини тимчасово окупованих територій у Донецькій та Луганській областях. Починаючи з І кварталу 2022 року дані наведено без урахування тимчасово окупованих російською федерацією територій та частини територій, на яких ведуться (велися) бойові дії.","","","","","","","","12225310.5","10374186.4","11631044.4","16631338.6",""
